record_id,bibliography,primary_source_url
ARED-GH-00001,https://www.metmuseum.org/art/collection/search/310182,https://www.metmuseum.org/art/collection/search/310182
ARED-GH-00002,https://www.metmuseum.org/art/collection/search/310368,https://www.metmuseum.org/art/collection/search/310368
ARED-GH-00003,https://www.metmuseum.org/art/collection/search/310369,https://www.metmuseum.org/art/collection/search/310369
ARED-GH-00004,https://www.metmuseum.org/art/collection/search/310751,https://www.metmuseum.org/art/collection/search/310751
ARED-GH-00005,https://www.metmuseum.org/art/collection/search/310823,https://www.metmuseum.org/art/collection/search/310823
ARED-GH-00006,https://www.metmuseum.org/art/collection/search/310829,https://www.metmuseum.org/art/collection/search/310829
ARED-GH-00007,https://www.metmuseum.org/art/collection/search/310836,https://www.metmuseum.org/art/collection/search/310836
ARED-GH-00008,https://www.metmuseum.org/art/collection/search/310871,https://www.metmuseum.org/art/collection/search/310871
ARED-GH-00009,https://www.metmuseum.org/art/collection/search/310874,https://www.metmuseum.org/art/collection/search/310874
ARED-GH-00010,https://www.metmuseum.org/art/collection/search/310876,https://www.metmuseum.org/art/collection/search/310876
ARED-GH-00011,https://www.metmuseum.org/art/collection/search/310877,https://www.metmuseum.org/art/collection/search/310877
ARED-GH-00012,https://www.metmuseum.org/art/collection/search/310913,https://www.metmuseum.org/art/collection/search/310913
ARED-GH-00013,https://www.metmuseum.org/art/collection/search/310941,https://www.metmuseum.org/art/collection/search/310941
ARED-GH-00014,https://www.metmuseum.org/art/collection/search/311024,https://www.metmuseum.org/art/collection/search/311024
ARED-GH-00015,https://www.metmuseum.org/art/collection/search/311027,https://www.metmuseum.org/art/collection/search/311027
ARED-GH-00016,https://www.metmuseum.org/art/collection/search/311028,https://www.metmuseum.org/art/collection/search/311028
ARED-GH-00017,https://www.metmuseum.org/art/collection/search/312170,https://www.metmuseum.org/art/collection/search/312170
ARED-GH-00018,https://www.metmuseum.org/art/collection/search/312173,https://www.metmuseum.org/art/collection/search/312173
ARED-GH-00019,https://www.metmuseum.org/art/collection/search/312226,https://www.metmuseum.org/art/collection/search/312226
ARED-GH-00020,https://www.metmuseum.org/art/collection/search/312227,https://www.metmuseum.org/art/collection/search/312227
ARED-GH-00021,https://www.metmuseum.org/art/collection/search/312262,https://www.metmuseum.org/art/collection/search/312262
ARED-GH-00022,https://www.metmuseum.org/art/collection/search/312272,https://www.metmuseum.org/art/collection/search/312272
ARED-GH-00023,https://www.metmuseum.org/art/collection/search/312427,https://www.metmuseum.org/art/collection/search/312427
ARED-GH-00024,https://www.metmuseum.org/art/collection/search/312428,https://www.metmuseum.org/art/collection/search/312428
ARED-GH-00025,https://www.metmuseum.org/art/collection/search/312444,https://www.metmuseum.org/art/collection/search/312444
ARED-GH-00026,https://www.metmuseum.org/art/collection/search/312482,https://www.metmuseum.org/art/collection/search/312482
ARED-GH-00027,https://www.metmuseum.org/art/collection/search/316799,https://www.metmuseum.org/art/collection/search/316799
ARED-GH-00028,https://www.metmuseum.org/art/collection/search/316800,https://www.metmuseum.org/art/collection/search/316800
ARED-GH-00029,https://www.metmuseum.org/art/collection/search/317673,https://www.metmuseum.org/art/collection/search/317673
ARED-GH-00030,https://www.metmuseum.org/art/collection/search/317674,https://www.metmuseum.org/art/collection/search/317674
ARED-GH-00031,https://www.metmuseum.org/art/collection/search/317675,https://www.metmuseum.org/art/collection/search/317675
ARED-GH-00032,https://www.metmuseum.org/art/collection/search/317676,https://www.metmuseum.org/art/collection/search/317676
ARED-GH-00033,https://www.metmuseum.org/art/collection/search/317677,https://www.metmuseum.org/art/collection/search/317677
ARED-GH-00034,https://www.metmuseum.org/art/collection/search/317678,https://www.metmuseum.org/art/collection/search/317678
ARED-GH-00035,https://www.metmuseum.org/art/collection/search/317679,https://www.metmuseum.org/art/collection/search/317679
ARED-GH-00036,https://www.metmuseum.org/art/collection/search/317680,https://www.metmuseum.org/art/collection/search/317680
ARED-GH-00037,https://www.metmuseum.org/art/collection/search/317681,https://www.metmuseum.org/art/collection/search/317681
ARED-GH-00038,https://www.metmuseum.org/art/collection/search/317682,https://www.metmuseum.org/art/collection/search/317682
ARED-GH-00039,https://www.metmuseum.org/art/collection/search/317683,https://www.metmuseum.org/art/collection/search/317683
ARED-GH-00040,https://www.metmuseum.org/art/collection/search/317684,https://www.metmuseum.org/art/collection/search/317684
ARED-GH-00041,https://www.metmuseum.org/art/collection/search/317685,https://www.metmuseum.org/art/collection/search/317685
ARED-GH-00042,https://www.metmuseum.org/art/collection/search/317686,https://www.metmuseum.org/art/collection/search/317686
ARED-GH-00043,https://www.metmuseum.org/art/collection/search/317687,https://www.metmuseum.org/art/collection/search/317687
ARED-GH-00044,https://www.metmuseum.org/art/collection/search/317688,https://www.metmuseum.org/art/collection/search/317688
ARED-GH-00045,https://www.metmuseum.org/art/collection/search/317689,https://www.metmuseum.org/art/collection/search/317689
ARED-GH-00046,https://www.metmuseum.org/art/collection/search/317690,https://www.metmuseum.org/art/collection/search/317690
ARED-GH-00047,https://www.metmuseum.org/art/collection/search/317691,https://www.metmuseum.org/art/collection/search/317691
ARED-GH-00048,https://www.metmuseum.org/art/collection/search/317692,https://www.metmuseum.org/art/collection/search/317692
ARED-GH-00049,https://www.metmuseum.org/art/collection/search/317693,https://www.metmuseum.org/art/collection/search/317693
ARED-GH-00050,https://www.metmuseum.org/art/collection/search/317694,https://www.metmuseum.org/art/collection/search/317694
ARED-GH-00051,https://www.metmuseum.org/art/collection/search/317695,https://www.metmuseum.org/art/collection/search/317695
ARED-GH-00052,https://www.metmuseum.org/art/collection/search/317907,https://www.metmuseum.org/art/collection/search/317907
ARED-GH-00053,https://www.metmuseum.org/art/collection/search/85576,https://www.metmuseum.org/art/collection/search/85576
ARED-GH-00054,https://clevelandart.org/art/2021.239,https://clevelandart.org/art/2021.239
ARED-GH-00055,https://clevelandart.org/art/1962.244,https://clevelandart.org/art/1962.244
ARED-GH-00056,https://clevelandart.org/art/1990.22,https://clevelandart.org/art/1990.22
ARED-GH-00057,https://clevelandart.org/art/1975.158,https://clevelandart.org/art/1975.158
ARED-GH-00058,https://clevelandart.org/art/1944.290,https://clevelandart.org/art/1944.290
ARED-GH-00059,https://clevelandart.org/art/1967.152,https://clevelandart.org/art/1967.152
ARED-GH-00060,https://clevelandart.org/art/1975.157,https://clevelandart.org/art/1975.157
ARED-GH-00061,https://clevelandart.org/art/1974.211,https://clevelandart.org/art/1974.211
ARED-GH-00062,https://clevelandart.org/art/1935.306,https://clevelandart.org/art/1935.306
ARED-GH-00063,https://clevelandart.org/art/1952.84,https://clevelandart.org/art/1952.84
ARED-GH-00064,https://clevelandart.org/art/1961.399,https://clevelandart.org/art/1961.399
ARED-GH-00065,https://clevelandart.org/art/1951.320,https://clevelandart.org/art/1951.320
ARED-GH-00066,https://clevelandart.org/art/1969.266,https://clevelandart.org/art/1969.266
ARED-GH-00067,https://clevelandart.org/art/1942.170,https://clevelandart.org/art/1942.170
ARED-GH-00068,https://clevelandart.org/art/1969.265,https://clevelandart.org/art/1969.265
ARED-GH-00069,https://clevelandart.org/art/1935.312,https://clevelandart.org/art/1935.312
ARED-GH-00070,https://clevelandart.org/art/1951.322,https://clevelandart.org/art/1951.322
ARED-GH-00071,https://clevelandart.org/art/1962.243,https://clevelandart.org/art/1962.243
ARED-GH-00072,https://clevelandart.org/art/1935.310,https://clevelandart.org/art/1935.310
ARED-GH-00073,https://clevelandart.org/art/1935.311,https://clevelandart.org/art/1935.311
ARED-GH-00074,https://clevelandart.org/art/1988.217.10,https://clevelandart.org/art/1988.217.10
ARED-GH-00075,https://clevelandart.org/art/1935.308,https://clevelandart.org/art/1935.308
ARED-GH-00076,https://clevelandart.org/art/1951.321,https://clevelandart.org/art/1951.321
ARED-GH-00077,https://clevelandart.org/art/1974.205,https://clevelandart.org/art/1974.205
ARED-GH-00078,https://clevelandart.org/art/1935.309,https://clevelandart.org/art/1935.309
ARED-GH-00079,https://clevelandart.org/art/2018.620,https://clevelandart.org/art/2018.620
ARED-GH-00080,https://clevelandart.org/art/2010.488,https://clevelandart.org/art/2010.488
ARED-GH-00081,https://clevelandart.org/art/2023.9,https://clevelandart.org/art/2023.9
ARED-GH-00082,https://clevelandart.org/art/2010.487,https://clevelandart.org/art/2010.487
ARED-GH-00083,https://clevelandart.org/art/2010.489,https://clevelandart.org/art/2010.489
ARED-GH-00084,https://clevelandart.org/art/2010.490,https://clevelandart.org/art/2010.490
ARED-GH-00085,https://clevelandart.org/art/2018.621,https://clevelandart.org/art/2018.621
ARED-GH-00086,https://clevelandart.org/art/2018.619,https://clevelandart.org/art/2018.619
ARED-GH-00087,https://clevelandart.org/art/2022.409,https://clevelandart.org/art/2022.409
ARED-GH-00088,https://clevelandart.org/art/2018.526,https://clevelandart.org/art/2018.526
