record_id,reason
met:10207,failed Ghana relevance filter
met:10914,failed Ghana relevance filter
met:11050,failed Ghana relevance filter
met:11053,failed Ghana relevance filter
met:11719,failed Ghana relevance filter
met:11769,failed Ghana relevance filter
met:11916,failed Ghana relevance filter
met:12003,failed Ghana relevance filter
met:126673,failed Ghana relevance filter
met:1294,failed Ghana relevance filter
met:13603,failed Ghana relevance filter
met:13611,failed Ghana relevance filter
met:13612,failed Ghana relevance filter
met:138291,failed Ghana relevance filter
met:1393,failed Ghana relevance filter
met:1394,failed Ghana relevance filter
met:1406,failed Ghana relevance filter
met:14096,failed Ghana relevance filter
met:14452,failed Ghana relevance filter
met:14453,failed Ghana relevance filter
met:14454,failed Ghana relevance filter
met:14455,failed Ghana relevance filter
met:14456,failed Ghana relevance filter
met:14457,failed Ghana relevance filter
met:14458,failed Ghana relevance filter
met:14459,failed Ghana relevance filter
met:145899,failed Ghana relevance filter
met:15334,failed Ghana relevance filter
met:15391,failed Ghana relevance filter
met:155779,failed Ghana relevance filter
met:155780,failed Ghana relevance filter
met:155781,failed Ghana relevance filter
met:155782,failed Ghana relevance filter
met:155783,failed Ghana relevance filter
met:155784,failed Ghana relevance filter
met:155786,failed Ghana relevance filter
met:156134,failed Ghana relevance filter
met:156461,failed Ghana relevance filter
met:156462,failed Ghana relevance filter
met:156475,failed Ghana relevance filter
met:156735,failed Ghana relevance filter
met:157073,failed Ghana relevance filter
met:157093,failed Ghana relevance filter
met:157505,failed Ghana relevance filter
met:157550,failed Ghana relevance filter
met:157551,failed Ghana relevance filter
met:157558,failed Ghana relevance filter
met:157890,failed Ghana relevance filter
met:158371,failed Ghana relevance filter
met:158373,failed Ghana relevance filter
met:158376,failed Ghana relevance filter
met:158379,failed Ghana relevance filter
met:158391,failed Ghana relevance filter
met:159164,failed Ghana relevance filter
met:16450,failed Ghana relevance filter
met:16482,failed Ghana relevance filter
met:168305,failed Ghana relevance filter
met:17440,failed Ghana relevance filter
met:17504,failed Ghana relevance filter
met:1763,failed Ghana relevance filter
met:1764,failed Ghana relevance filter
met:177251,failed Ghana relevance filter
met:18560,failed Ghana relevance filter
met:186836,failed Ghana relevance filter
met:187396,failed Ghana relevance filter
met:187996,failed Ghana relevance filter
met:187998,failed Ghana relevance filter
met:188000,failed Ghana relevance filter
met:188001,failed Ghana relevance filter
met:188002,failed Ghana relevance filter
met:188004,failed Ghana relevance filter
met:188006,failed Ghana relevance filter
met:188011,failed Ghana relevance filter
met:188013,failed Ghana relevance filter
met:188014,failed Ghana relevance filter
met:18822,failed Ghana relevance filter
met:188353,failed Ghana relevance filter
met:188354,failed Ghana relevance filter
met:18870,failed Ghana relevance filter
met:188782,failed Ghana relevance filter
met:188827,failed Ghana relevance filter
met:189287,failed Ghana relevance filter
met:189869,failed Ghana relevance filter
met:191289,failed Ghana relevance filter
met:191639,failed Ghana relevance filter
met:191851,failed Ghana relevance filter
met:191946,failed Ghana relevance filter
met:192693,failed Ghana relevance filter
met:192770,failed Ghana relevance filter
met:193515,failed Ghana relevance filter
met:193609,failed Ghana relevance filter
met:193624,failed Ghana relevance filter
met:193636,failed Ghana relevance filter
met:194000,failed Ghana relevance filter
met:194033,failed Ghana relevance filter
met:194067,failed Ghana relevance filter
met:194107,failed Ghana relevance filter
met:194139,failed Ghana relevance filter
met:194166,failed Ghana relevance filter
met:194191,failed Ghana relevance filter
met:194241,failed Ghana relevance filter
met:194454,failed Ghana relevance filter
met:195193,failed Ghana relevance filter
met:195195,failed Ghana relevance filter
met:195311,failed Ghana relevance filter
met:195362,failed Ghana relevance filter
met:195473,failed Ghana relevance filter
met:195535,failed Ghana relevance filter
met:195572,failed Ghana relevance filter
met:195573,failed Ghana relevance filter
met:195579,failed Ghana relevance filter
met:195583,failed Ghana relevance filter
met:195584,failed Ghana relevance filter
met:195593,failed Ghana relevance filter
met:195599,failed Ghana relevance filter
met:195603,failed Ghana relevance filter
met:195606,failed Ghana relevance filter
met:195613,failed Ghana relevance filter
met:195635,failed Ghana relevance filter
met:195769,failed Ghana relevance filter
met:196402,failed Ghana relevance filter
met:196403,failed Ghana relevance filter
met:196531,failed Ghana relevance filter
met:197033,failed Ghana relevance filter
met:197045,failed Ghana relevance filter
met:197059,failed Ghana relevance filter
met:197324,failed Ghana relevance filter
met:197457,failed Ghana relevance filter
met:197460,failed Ghana relevance filter
met:197461,failed Ghana relevance filter
met:19766,failed Ghana relevance filter
met:197741,failed Ghana relevance filter
met:198012,failed Ghana relevance filter
met:198049,failed Ghana relevance filter
met:198051,failed Ghana relevance filter
met:198053,failed Ghana relevance filter
met:198054,failed Ghana relevance filter
met:198055,failed Ghana relevance filter
met:198056,failed Ghana relevance filter
met:198057,failed Ghana relevance filter
met:198061,failed Ghana relevance filter
met:198062,failed Ghana relevance filter
met:198068,failed Ghana relevance filter
met:198070,failed Ghana relevance filter
met:198071,failed Ghana relevance filter
met:198072,failed Ghana relevance filter
met:198073,failed Ghana relevance filter
met:198074,failed Ghana relevance filter
met:198075,failed Ghana relevance filter
met:198076,failed Ghana relevance filter
met:198077,failed Ghana relevance filter
met:198078,failed Ghana relevance filter
met:198079,failed Ghana relevance filter
met:198081,failed Ghana relevance filter
met:198083,failed Ghana relevance filter
met:198084,failed Ghana relevance filter
met:198085,failed Ghana relevance filter
met:198087,failed Ghana relevance filter
met:198091,failed Ghana relevance filter
met:198099,failed Ghana relevance filter
met:198568,failed Ghana relevance filter
met:198569,failed Ghana relevance filter
met:198741,failed Ghana relevance filter
met:198764,failed Ghana relevance filter
met:198799,failed Ghana relevance filter
met:198924,failed Ghana relevance filter
met:199344,failed Ghana relevance filter
met:199372,failed Ghana relevance filter
met:199373,failed Ghana relevance filter
met:199408,failed Ghana relevance filter
met:199711,failed Ghana relevance filter
met:199759,failed Ghana relevance filter
met:199771,failed Ghana relevance filter
met:199902,failed Ghana relevance filter
met:199930,failed Ghana relevance filter
met:199975,failed Ghana relevance filter
met:199985,failed Ghana relevance filter
met:200077,failed Ghana relevance filter
met:200373,failed Ghana relevance filter
met:200379,failed Ghana relevance filter
met:200387,failed Ghana relevance filter
met:200397,failed Ghana relevance filter
met:200411,failed Ghana relevance filter
met:200437,failed Ghana relevance filter
met:200554,failed Ghana relevance filter
met:200569,failed Ghana relevance filter
met:200668,failed Ghana relevance filter
met:200757,failed Ghana relevance filter
met:200830,failed Ghana relevance filter
met:200840,failed Ghana relevance filter
met:200907,failed Ghana relevance filter
met:200921,failed Ghana relevance filter
met:200954,failed Ghana relevance filter
met:200967,failed Ghana relevance filter
met:201394,failed Ghana relevance filter
met:201398,failed Ghana relevance filter
met:201399,failed Ghana relevance filter
met:201718,failed Ghana relevance filter
met:201719,failed Ghana relevance filter
met:201731,failed Ghana relevance filter
met:201732,failed Ghana relevance filter
met:201736,failed Ghana relevance filter
met:201768,failed Ghana relevance filter
met:201769,failed Ghana relevance filter
met:201781,failed Ghana relevance filter
met:201865,failed Ghana relevance filter
met:201879,failed Ghana relevance filter
met:201890,failed Ghana relevance filter
met:201971,failed Ghana relevance filter
met:201976,failed Ghana relevance filter
met:202281,failed Ghana relevance filter
met:202388,failed Ghana relevance filter
met:202389,failed Ghana relevance filter
met:203642,failed Ghana relevance filter
met:203907,failed Ghana relevance filter
met:203912,failed Ghana relevance filter
met:203913,failed Ghana relevance filter
met:203914,failed Ghana relevance filter
met:203950,failed Ghana relevance filter
met:204503,failed Ghana relevance filter
met:204533,failed Ghana relevance filter
met:204586,failed Ghana relevance filter
met:204587,failed Ghana relevance filter
met:2046,failed Ghana relevance filter
met:204611,failed Ghana relevance filter
met:204765,failed Ghana relevance filter
met:204850,failed Ghana relevance filter
met:205132,failed Ghana relevance filter
met:205149,failed Ghana relevance filter
met:205302,failed Ghana relevance filter
met:205342,failed Ghana relevance filter
met:205352,failed Ghana relevance filter
met:205431,failed Ghana relevance filter
met:205535,failed Ghana relevance filter
met:205536,failed Ghana relevance filter
met:206295,failed Ghana relevance filter
met:206296,failed Ghana relevance filter
met:206298,failed Ghana relevance filter
met:206306,failed Ghana relevance filter
met:206307,failed Ghana relevance filter
met:206332,failed Ghana relevance filter
met:206552,failed Ghana relevance filter
met:206566,failed Ghana relevance filter
met:206578,failed Ghana relevance filter
met:206606,failed Ghana relevance filter
met:206624,failed Ghana relevance filter
met:206628,failed Ghana relevance filter
met:206672,failed Ghana relevance filter
met:206710,failed Ghana relevance filter
met:206728,failed Ghana relevance filter
met:206755,failed Ghana relevance filter
met:206756,failed Ghana relevance filter
met:206757,failed Ghana relevance filter
met:206758,failed Ghana relevance filter
met:206759,failed Ghana relevance filter
met:206773,failed Ghana relevance filter
met:206784,failed Ghana relevance filter
met:206875,failed Ghana relevance filter
met:206965,failed Ghana relevance filter
met:206999,failed Ghana relevance filter
met:207000,failed Ghana relevance filter
met:207007,failed Ghana relevance filter
met:207022,failed Ghana relevance filter
met:207111,failed Ghana relevance filter
met:207157,failed Ghana relevance filter
met:207304,failed Ghana relevance filter
met:207364,failed Ghana relevance filter
met:207366,failed Ghana relevance filter
met:207372,failed Ghana relevance filter
met:207397,failed Ghana relevance filter
met:207409,failed Ghana relevance filter
met:207410,failed Ghana relevance filter
met:207416,failed Ghana relevance filter
met:207420,failed Ghana relevance filter
met:207421,failed Ghana relevance filter
met:207424,failed Ghana relevance filter
met:207425,failed Ghana relevance filter
met:207426,failed Ghana relevance filter
met:207427,failed Ghana relevance filter
met:207428,failed Ghana relevance filter
met:207430,failed Ghana relevance filter
met:207434,failed Ghana relevance filter
met:207441,failed Ghana relevance filter
met:207442,failed Ghana relevance filter
met:207446,failed Ghana relevance filter
met:207447,failed Ghana relevance filter
met:207449,failed Ghana relevance filter
met:207452,failed Ghana relevance filter
met:207453,failed Ghana relevance filter
met:207454,failed Ghana relevance filter
met:207455,failed Ghana relevance filter
met:207456,failed Ghana relevance filter
met:207459,failed Ghana relevance filter
met:207460,failed Ghana relevance filter
met:207462,failed Ghana relevance filter
met:207463,failed Ghana relevance filter
met:207464,failed Ghana relevance filter
met:207465,failed Ghana relevance filter
met:207545,failed Ghana relevance filter
met:207546,failed Ghana relevance filter
met:207552,failed Ghana relevance filter
met:207601,failed Ghana relevance filter
met:207665,failed Ghana relevance filter
met:207677,failed Ghana relevance filter
met:207694,failed Ghana relevance filter
met:207827,failed Ghana relevance filter
met:207964,failed Ghana relevance filter
met:207968,failed Ghana relevance filter
met:208164,failed Ghana relevance filter
met:208560,failed Ghana relevance filter
met:208898,failed Ghana relevance filter
met:209106,failed Ghana relevance filter
met:209211,failed Ghana relevance filter
met:209255,failed Ghana relevance filter
met:209335,failed Ghana relevance filter
met:209341,failed Ghana relevance filter
met:210642,failed Ghana relevance filter
met:210657,failed Ghana relevance filter
met:210714,failed Ghana relevance filter
met:210721,failed Ghana relevance filter
met:210722,failed Ghana relevance filter
met:210726,failed Ghana relevance filter
met:210731,failed Ghana relevance filter
met:210732,failed Ghana relevance filter
met:210733,failed Ghana relevance filter
met:210734,failed Ghana relevance filter
met:210735,failed Ghana relevance filter
met:210736,failed Ghana relevance filter
met:211394,failed Ghana relevance filter
met:211408,failed Ghana relevance filter
met:211418,failed Ghana relevance filter
met:211424,failed Ghana relevance filter
met:211426,failed Ghana relevance filter
met:211427,failed Ghana relevance filter
met:211428,failed Ghana relevance filter
met:211516,failed Ghana relevance filter
met:211521,failed Ghana relevance filter
met:211522,failed Ghana relevance filter
met:21185,failed Ghana relevance filter
met:212168,failed Ghana relevance filter
met:212169,failed Ghana relevance filter
met:212173,failed Ghana relevance filter
met:212175,failed Ghana relevance filter
met:212177,failed Ghana relevance filter
met:2125,failed Ghana relevance filter
met:212627,failed Ghana relevance filter
met:21628,failed Ghana relevance filter
met:21629,failed Ghana relevance filter
met:21630,failed Ghana relevance filter
met:219,failed Ghana relevance filter
met:219509,failed Ghana relevance filter
met:21993,failed Ghana relevance filter
met:220085,failed Ghana relevance filter
met:22052,failed Ghana relevance filter
met:221809,failed Ghana relevance filter
met:22391,failed Ghana relevance filter
met:22635,failed Ghana relevance filter
met:22636,failed Ghana relevance filter
met:226423,failed Ghana relevance filter
met:226495,failed Ghana relevance filter
met:226696,failed Ghana relevance filter
met:22741,failed Ghana relevance filter
met:22847,failed Ghana relevance filter
met:22857,failed Ghana relevance filter
met:228788,failed Ghana relevance filter
met:228790,failed Ghana relevance filter
met:228797,failed Ghana relevance filter
met:228990,failed Ghana relevance filter
met:228995,failed Ghana relevance filter
met:229045,failed Ghana relevance filter
met:229046,failed Ghana relevance filter
met:22910,failed Ghana relevance filter
met:22912,failed Ghana relevance filter
met:22932,failed Ghana relevance filter
met:22944,failed Ghana relevance filter
met:22950,failed Ghana relevance filter
met:229606,failed Ghana relevance filter
met:229607,failed Ghana relevance filter
met:229608,failed Ghana relevance filter
met:229609,failed Ghana relevance filter
met:229610,failed Ghana relevance filter
met:229611,failed Ghana relevance filter
met:229612,failed Ghana relevance filter
met:229613,failed Ghana relevance filter
met:229614,failed Ghana relevance filter
met:229615,failed Ghana relevance filter
met:229618,failed Ghana relevance filter
met:229619,failed Ghana relevance filter
met:229620,failed Ghana relevance filter
met:229621,failed Ghana relevance filter
met:229622,failed Ghana relevance filter
met:229623,failed Ghana relevance filter
met:229624,failed Ghana relevance filter
met:229625,failed Ghana relevance filter
met:229626,failed Ghana relevance filter
met:229627,failed Ghana relevance filter
met:229628,failed Ghana relevance filter
met:229629,failed Ghana relevance filter
met:229630,failed Ghana relevance filter
met:229631,failed Ghana relevance filter
met:229632,failed Ghana relevance filter
met:229633,failed Ghana relevance filter
met:229634,failed Ghana relevance filter
met:229635,failed Ghana relevance filter
met:229636,failed Ghana relevance filter
met:229637,failed Ghana relevance filter
met:229638,failed Ghana relevance filter
met:229639,failed Ghana relevance filter
met:229640,failed Ghana relevance filter
met:229641,failed Ghana relevance filter
met:229642,failed Ghana relevance filter
met:229643,failed Ghana relevance filter
met:229644,failed Ghana relevance filter
met:229645,failed Ghana relevance filter
met:229646,failed Ghana relevance filter
met:229647,failed Ghana relevance filter
met:229648,failed Ghana relevance filter
met:229649,failed Ghana relevance filter
met:229650,failed Ghana relevance filter
met:229651,failed Ghana relevance filter
met:229652,failed Ghana relevance filter
met:229653,failed Ghana relevance filter
met:229654,failed Ghana relevance filter
met:229655,failed Ghana relevance filter
met:22986,failed Ghana relevance filter
met:229993,failed Ghana relevance filter
met:23054,failed Ghana relevance filter
met:23080,failed Ghana relevance filter
met:23084,failed Ghana relevance filter
met:23087,failed Ghana relevance filter
met:23094,failed Ghana relevance filter
met:230969,failed Ghana relevance filter
met:231141,failed Ghana relevance filter
met:231255,failed Ghana relevance filter
met:231675,failed Ghana relevance filter
met:231676,failed Ghana relevance filter
met:231677,failed Ghana relevance filter
met:231678,failed Ghana relevance filter
met:231679,failed Ghana relevance filter
met:231681,failed Ghana relevance filter
met:231682,failed Ghana relevance filter
met:231683,failed Ghana relevance filter
met:231684,failed Ghana relevance filter
met:231685,failed Ghana relevance filter
met:231686,failed Ghana relevance filter
met:231697,failed Ghana relevance filter
met:231698,failed Ghana relevance filter
met:231699,failed Ghana relevance filter
met:231700,failed Ghana relevance filter
met:231701,failed Ghana relevance filter
met:231702,failed Ghana relevance filter
met:231703,failed Ghana relevance filter
met:231704,failed Ghana relevance filter
met:231782,failed Ghana relevance filter
met:231788,failed Ghana relevance filter
met:232047,failed Ghana relevance filter
met:23205,failed Ghana relevance filter
met:23206,failed Ghana relevance filter
met:23210,failed Ghana relevance filter
met:23211,failed Ghana relevance filter
met:23212,failed Ghana relevance filter
met:23213,failed Ghana relevance filter
met:232147,failed Ghana relevance filter
met:232222,failed Ghana relevance filter
met:23263,failed Ghana relevance filter
met:23335,failed Ghana relevance filter
met:236063,failed Ghana relevance filter
met:236747,failed Ghana relevance filter
met:236773,failed Ghana relevance filter
met:236980,failed Ghana relevance filter
met:236986,failed Ghana relevance filter
met:236993,failed Ghana relevance filter
met:237005,failed Ghana relevance filter
met:237007,failed Ghana relevance filter
met:237045,failed Ghana relevance filter
met:237048,failed Ghana relevance filter
met:237049,failed Ghana relevance filter
met:237054,failed Ghana relevance filter
met:237244,failed Ghana relevance filter
met:237246,failed Ghana relevance filter
met:237451,failed Ghana relevance filter
met:238822,failed Ghana relevance filter
met:239478,failed Ghana relevance filter
met:242328,failed Ghana relevance filter
met:242989,failed Ghana relevance filter
met:242990,failed Ghana relevance filter
met:24402,failed Ghana relevance filter
met:24426,failed Ghana relevance filter
met:245304,failed Ghana relevance filter
met:246685,failed Ghana relevance filter
met:248003,failed Ghana relevance filter
met:24806,failed Ghana relevance filter
met:248206,failed Ghana relevance filter
met:24849,failed Ghana relevance filter
met:248500,failed Ghana relevance filter
met:24921,failed Ghana relevance filter
met:24930,failed Ghana relevance filter
met:24985,failed Ghana relevance filter
met:250914,failed Ghana relevance filter
met:250915,failed Ghana relevance filter
met:250917,failed Ghana relevance filter
met:250945,failed Ghana relevance filter
met:2510,failed Ghana relevance filter
met:252884,failed Ghana relevance filter
met:254557,failed Ghana relevance filter
met:254842,failed Ghana relevance filter
met:255122,failed Ghana relevance filter
met:255243,failed Ghana relevance filter
met:255286,failed Ghana relevance filter
met:255531,failed Ghana relevance filter
met:255693,failed Ghana relevance filter
met:255694,failed Ghana relevance filter
met:255772,failed Ghana relevance filter
met:255973,failed Ghana relevance filter
met:256061,failed Ghana relevance filter
met:256122,failed Ghana relevance filter
met:256135,failed Ghana relevance filter
met:256184,failed Ghana relevance filter
met:256191,failed Ghana relevance filter
met:256207,failed Ghana relevance filter
met:256208,failed Ghana relevance filter
met:256220,failed Ghana relevance filter
met:256335,failed Ghana relevance filter
met:256854,failed Ghana relevance filter
met:256974,failed Ghana relevance filter
met:257817,failed Ghana relevance filter
met:258449,failed Ghana relevance filter
met:262275,failed Ghana relevance filter
met:26442,failed Ghana relevance filter
met:26449,failed Ghana relevance filter
met:26524,failed Ghana relevance filter
met:26552,failed Ghana relevance filter
met:26555,failed Ghana relevance filter
met:26569,failed Ghana relevance filter
met:26585,failed Ghana relevance filter
met:266125,failed Ghana relevance filter
met:266255,failed Ghana relevance filter
met:266712,failed Ghana relevance filter
met:266713,failed Ghana relevance filter
met:26702,failed Ghana relevance filter
met:26810,failed Ghana relevance filter
met:26974,failed Ghana relevance filter
met:270354,failed Ghana relevance filter
met:27178,failed Ghana relevance filter
met:27193,failed Ghana relevance filter
met:27194,failed Ghana relevance filter
met:27198,failed Ghana relevance filter
met:27207,failed Ghana relevance filter
met:27236,failed Ghana relevance filter
met:27273,failed Ghana relevance filter
met:27274,failed Ghana relevance filter
met:27275,failed Ghana relevance filter
met:27276,failed Ghana relevance filter
met:27277,failed Ghana relevance filter
met:27640,failed Ghana relevance filter
met:27641,failed Ghana relevance filter
met:27642,failed Ghana relevance filter
met:27665,failed Ghana relevance filter
met:27964,failed Ghana relevance filter
met:282685,failed Ghana relevance filter
met:283132,failed Ghana relevance filter
met:283245,failed Ghana relevance filter
met:285118,failed Ghana relevance filter
met:285119,failed Ghana relevance filter
met:285120,failed Ghana relevance filter
met:285121,failed Ghana relevance filter
met:285146,failed Ghana relevance filter
met:28864,failed Ghana relevance filter
met:29300,failed Ghana relevance filter
met:29503,failed Ghana relevance filter
met:29594,failed Ghana relevance filter
met:29617,failed Ghana relevance filter
met:307598,failed Ghana relevance filter
met:307599,failed Ghana relevance filter
met:307905,failed Ghana relevance filter
met:307944,failed Ghana relevance filter
met:308245,failed Ghana relevance filter
met:308415,failed Ghana relevance filter
met:30858,failed Ghana relevance filter
met:309227,failed Ghana relevance filter
met:309284,failed Ghana relevance filter
met:309404,failed Ghana relevance filter
met:309411,failed Ghana relevance filter
met:309414,failed Ghana relevance filter
met:309519,failed Ghana relevance filter
met:309529,failed Ghana relevance filter
met:309540,failed Ghana relevance filter
met:309767,failed Ghana relevance filter
met:309769,failed Ghana relevance filter
met:309789,failed Ghana relevance filter
met:309861,failed Ghana relevance filter
met:309876,failed Ghana relevance filter
met:309878,failed Ghana relevance filter
met:309906,failed Ghana relevance filter
met:309910,failed Ghana relevance filter
met:309938,failed Ghana relevance filter
met:309943,failed Ghana relevance filter
met:309944,failed Ghana relevance filter
met:309952,failed Ghana relevance filter
met:309958,failed Ghana relevance filter
met:309959,failed Ghana relevance filter
met:309960,failed Ghana relevance filter
met:309981,failed Ghana relevance filter
met:309987,failed Ghana relevance filter
met:310063,failed Ghana relevance filter
met:310070,failed Ghana relevance filter
met:310071,failed Ghana relevance filter
met:310072,failed Ghana relevance filter
met:310073,failed Ghana relevance filter
met:310166,failed Ghana relevance filter
met:310170,failed Ghana relevance filter
met:310174,failed Ghana relevance filter
met:310180,failed Ghana relevance filter
met:310259,failed Ghana relevance filter
met:310266,failed Ghana relevance filter
met:310272,failed Ghana relevance filter
met:310280,failed Ghana relevance filter
met:310281,failed Ghana relevance filter
met:310282,failed Ghana relevance filter
met:310283,failed Ghana relevance filter
met:310286,failed Ghana relevance filter
met:310345,failed Ghana relevance filter
met:310356,failed Ghana relevance filter
met:310364,failed Ghana relevance filter
met:310365,failed Ghana relevance filter
met:310384,failed Ghana relevance filter
met:310453,failed Ghana relevance filter
met:310454,failed Ghana relevance filter
met:310456,failed Ghana relevance filter
met:310459,failed Ghana relevance filter
met:310467,failed Ghana relevance filter
met:310471,failed Ghana relevance filter
met:310472,failed Ghana relevance filter
met:310473,failed Ghana relevance filter
met:310475,failed Ghana relevance filter
met:310477,failed Ghana relevance filter
met:310480,failed Ghana relevance filter
met:310489,failed Ghana relevance filter
met:310495,failed Ghana relevance filter
met:310509,failed Ghana relevance filter
met:310513,failed Ghana relevance filter
met:310515,failed Ghana relevance filter
met:310517,failed Ghana relevance filter
met:310520,failed Ghana relevance filter
met:310522,failed Ghana relevance filter
met:310524,failed Ghana relevance filter
met:310532,failed Ghana relevance filter
met:310533,failed Ghana relevance filter
met:310539,failed Ghana relevance filter
met:310540,failed Ghana relevance filter
met:310542,failed Ghana relevance filter
met:310550,failed Ghana relevance filter
met:310551,failed Ghana relevance filter
met:310552,failed Ghana relevance filter
met:310554,failed Ghana relevance filter
met:310555,failed Ghana relevance filter
met:310563,failed Ghana relevance filter
met:310565,failed Ghana relevance filter
met:310568,failed Ghana relevance filter
met:310583,failed Ghana relevance filter
met:310584,failed Ghana relevance filter
met:310585,failed Ghana relevance filter
met:310586,failed Ghana relevance filter
met:310589,failed Ghana relevance filter
met:310592,failed Ghana relevance filter
met:310599,failed Ghana relevance filter
met:310600,failed Ghana relevance filter
met:310601,failed Ghana relevance filter
met:310607,failed Ghana relevance filter
met:310616,failed Ghana relevance filter
met:310619,failed Ghana relevance filter
met:310644,failed Ghana relevance filter
met:310648,failed Ghana relevance filter
met:310652,failed Ghana relevance filter
met:310655,failed Ghana relevance filter
met:310658,failed Ghana relevance filter
met:310659,failed Ghana relevance filter
met:310660,failed Ghana relevance filter
met:310661,failed Ghana relevance filter
met:310663,failed Ghana relevance filter
met:310671,failed Ghana relevance filter
met:310674,failed Ghana relevance filter
met:310681,failed Ghana relevance filter
met:310686,failed Ghana relevance filter
met:310687,failed Ghana relevance filter
met:310692,failed Ghana relevance filter
met:310698,failed Ghana relevance filter
met:310704,failed Ghana relevance filter
met:310705,failed Ghana relevance filter
met:310720,failed Ghana relevance filter
met:310732,failed Ghana relevance filter
met:310733,failed Ghana relevance filter
met:310734,failed Ghana relevance filter
met:310740,failed Ghana relevance filter
met:310744,failed Ghana relevance filter
met:310747,failed Ghana relevance filter
met:310750,failed Ghana relevance filter
met:310752,failed Ghana relevance filter
met:310753,failed Ghana relevance filter
met:310754,failed Ghana relevance filter
met:310757,failed Ghana relevance filter
met:310758,failed Ghana relevance filter
met:310763,failed Ghana relevance filter
met:310764,failed Ghana relevance filter
met:310766,failed Ghana relevance filter
met:310770,failed Ghana relevance filter
met:310775,failed Ghana relevance filter
met:310776,failed Ghana relevance filter
met:310781,failed Ghana relevance filter
met:310782,failed Ghana relevance filter
met:310790,failed Ghana relevance filter
met:310799,failed Ghana relevance filter
met:310800,failed Ghana relevance filter
met:310803,failed Ghana relevance filter
met:310806,failed Ghana relevance filter
met:310808,failed Ghana relevance filter
met:310810,failed Ghana relevance filter
met:310813,failed Ghana relevance filter
met:310818,failed Ghana relevance filter
met:310825,failed Ghana relevance filter
met:310826,failed Ghana relevance filter
met:310830,failed Ghana relevance filter
met:310841,failed Ghana relevance filter
met:310844,failed Ghana relevance filter
met:310848,failed Ghana relevance filter
met:310850,failed Ghana relevance filter
met:310853,failed Ghana relevance filter
met:310855,failed Ghana relevance filter
met:310863,failed Ghana relevance filter
met:310864,failed Ghana relevance filter
met:310865,failed Ghana relevance filter
met:310866,failed Ghana relevance filter
met:310867,failed Ghana relevance filter
met:310870,failed Ghana relevance filter
met:310897,failed Ghana relevance filter
met:310910,failed Ghana relevance filter
met:310917,failed Ghana relevance filter
met:310920,failed Ghana relevance filter
met:310924,failed Ghana relevance filter
met:310925,failed Ghana relevance filter
met:310927,failed Ghana relevance filter
met:310929,failed Ghana relevance filter
met:310930,failed Ghana relevance filter
met:310934,failed Ghana relevance filter
met:310936,failed Ghana relevance filter
met:310937,failed Ghana relevance filter
met:310944,failed Ghana relevance filter
met:310948,failed Ghana relevance filter
met:310949,failed Ghana relevance filter
met:310950,failed Ghana relevance filter
met:310951,failed Ghana relevance filter
met:310963,failed Ghana relevance filter
met:310964,failed Ghana relevance filter
met:310969,failed Ghana relevance filter
met:310977,failed Ghana relevance filter
met:310982,failed Ghana relevance filter
met:310984,failed Ghana relevance filter
met:310988,failed Ghana relevance filter
met:310992,failed Ghana relevance filter
met:310995,failed Ghana relevance filter
met:310997,failed Ghana relevance filter
met:310999,failed Ghana relevance filter
met:311002,failed Ghana relevance filter
met:311007,failed Ghana relevance filter
met:311010,failed Ghana relevance filter
met:311021,failed Ghana relevance filter
met:311032,failed Ghana relevance filter
met:311033,failed Ghana relevance filter
met:311034,failed Ghana relevance filter
met:311035,failed Ghana relevance filter
met:311038,failed Ghana relevance filter
met:311046,failed Ghana relevance filter
met:311052,failed Ghana relevance filter
met:311053,failed Ghana relevance filter
met:311054,failed Ghana relevance filter
met:311055,failed Ghana relevance filter
met:311066,failed Ghana relevance filter
met:311067,failed Ghana relevance filter
met:311072,failed Ghana relevance filter
met:311086,failed Ghana relevance filter
met:311089,failed Ghana relevance filter
met:311090,failed Ghana relevance filter
met:311091,failed Ghana relevance filter
met:311102,failed Ghana relevance filter
met:311111,failed Ghana relevance filter
met:311150,failed Ghana relevance filter
met:311155,failed Ghana relevance filter
met:311162,failed Ghana relevance filter
met:311163,failed Ghana relevance filter
met:311166,failed Ghana relevance filter
met:311167,failed Ghana relevance filter
met:311173,failed Ghana relevance filter
met:311174,failed Ghana relevance filter
met:311181,failed Ghana relevance filter
met:311183,failed Ghana relevance filter
met:311197,failed Ghana relevance filter
met:311199,failed Ghana relevance filter
met:311206,failed Ghana relevance filter
met:311207,failed Ghana relevance filter
met:311211,failed Ghana relevance filter
met:311225,failed Ghana relevance filter
met:311237,failed Ghana relevance filter
met:311240,failed Ghana relevance filter
met:311242,failed Ghana relevance filter
met:311243,failed Ghana relevance filter
met:311253,failed Ghana relevance filter
met:311262,failed Ghana relevance filter
met:311266,failed Ghana relevance filter
met:311267,failed Ghana relevance filter
met:311273,failed Ghana relevance filter
met:311274,failed Ghana relevance filter
met:311276,failed Ghana relevance filter
met:311294,failed Ghana relevance filter
met:311306,failed Ghana relevance filter
met:311313,failed Ghana relevance filter
met:311318,failed Ghana relevance filter
met:311323,failed Ghana relevance filter
met:311324,failed Ghana relevance filter
met:311325,failed Ghana relevance filter
met:311328,failed Ghana relevance filter
met:311329,failed Ghana relevance filter
met:311355,failed Ghana relevance filter
met:311361,failed Ghana relevance filter
met:311367,failed Ghana relevance filter
met:311369,failed Ghana relevance filter
met:311378,failed Ghana relevance filter
met:311379,failed Ghana relevance filter
met:311383,failed Ghana relevance filter
met:311389,failed Ghana relevance filter
met:311390,failed Ghana relevance filter
met:311392,failed Ghana relevance filter
met:311395,failed Ghana relevance filter
met:311411,failed Ghana relevance filter
met:311414,failed Ghana relevance filter
met:311418,failed Ghana relevance filter
met:311483,failed Ghana relevance filter
met:311490,failed Ghana relevance filter
met:311500,failed Ghana relevance filter
met:311502,failed Ghana relevance filter
met:311506,failed Ghana relevance filter
met:311507,failed Ghana relevance filter
met:311536,failed Ghana relevance filter
met:311545,failed Ghana relevance filter
met:311546,failed Ghana relevance filter
met:311547,failed Ghana relevance filter
met:311560,failed Ghana relevance filter
met:311561,failed Ghana relevance filter
met:311563,failed Ghana relevance filter
met:311566,failed Ghana relevance filter
met:311567,failed Ghana relevance filter
met:311569,failed Ghana relevance filter
met:311591,failed Ghana relevance filter
met:311596,failed Ghana relevance filter
met:311597,failed Ghana relevance filter
met:311605,failed Ghana relevance filter
met:311626,failed Ghana relevance filter
met:311630,failed Ghana relevance filter
met:311635,failed Ghana relevance filter
met:311636,failed Ghana relevance filter
met:311642,failed Ghana relevance filter
met:311651,failed Ghana relevance filter
met:311669,failed Ghana relevance filter
met:311672,failed Ghana relevance filter
met:311674,failed Ghana relevance filter
met:311679,failed Ghana relevance filter
met:311686,failed Ghana relevance filter
met:311699,failed Ghana relevance filter
met:311707,failed Ghana relevance filter
met:311708,failed Ghana relevance filter
met:311709,failed Ghana relevance filter
met:311710,failed Ghana relevance filter
met:311711,failed Ghana relevance filter
met:311712,failed Ghana relevance filter
met:311713,failed Ghana relevance filter
met:311714,failed Ghana relevance filter
met:311715,failed Ghana relevance filter
met:311716,failed Ghana relevance filter
met:311717,failed Ghana relevance filter
met:311718,failed Ghana relevance filter
met:311719,failed Ghana relevance filter
met:311720,failed Ghana relevance filter
met:311721,failed Ghana relevance filter
met:311722,failed Ghana relevance filter
met:311724,failed Ghana relevance filter
met:311725,failed Ghana relevance filter
met:311726,failed Ghana relevance filter
met:311734,failed Ghana relevance filter
met:311735,failed Ghana relevance filter
met:311736,failed Ghana relevance filter
met:311737,failed Ghana relevance filter
met:311738,failed Ghana relevance filter
met:311739,failed Ghana relevance filter
met:311740,failed Ghana relevance filter
met:311741,failed Ghana relevance filter
met:311743,failed Ghana relevance filter
met:311744,failed Ghana relevance filter
met:311747,failed Ghana relevance filter
met:311748,failed Ghana relevance filter
met:311755,failed Ghana relevance filter
met:311756,failed Ghana relevance filter
met:311757,failed Ghana relevance filter
met:311768,failed Ghana relevance filter
met:311769,failed Ghana relevance filter
met:311770,failed Ghana relevance filter
met:311786,failed Ghana relevance filter
met:311811,failed Ghana relevance filter
met:311812,failed Ghana relevance filter
met:311813,failed Ghana relevance filter
met:311931,failed Ghana relevance filter
met:311944,failed Ghana relevance filter
met:311946,failed Ghana relevance filter
met:311947,failed Ghana relevance filter
met:311950,failed Ghana relevance filter
met:311957,failed Ghana relevance filter
met:311977,failed Ghana relevance filter
met:311993,failed Ghana relevance filter
met:311994,failed Ghana relevance filter
met:311996,failed Ghana relevance filter
met:312002,failed Ghana relevance filter
met:312006,failed Ghana relevance filter
met:312119,failed Ghana relevance filter
met:312121,failed Ghana relevance filter
met:312128,failed Ghana relevance filter
met:312168,failed Ghana relevance filter
met:312172,failed Ghana relevance filter
met:312175,failed Ghana relevance filter
met:312179,failed Ghana relevance filter
met:312180,failed Ghana relevance filter
met:312182,failed Ghana relevance filter
met:312185,failed Ghana relevance filter
met:312187,failed Ghana relevance filter
met:312193,failed Ghana relevance filter
met:312194,failed Ghana relevance filter
met:312196,failed Ghana relevance filter
met:312203,failed Ghana relevance filter
met:312205,failed Ghana relevance filter
met:312206,failed Ghana relevance filter
met:312213,failed Ghana relevance filter
met:312218,failed Ghana relevance filter
met:312223,failed Ghana relevance filter
met:312229,failed Ghana relevance filter
met:312230,failed Ghana relevance filter
met:312231,failed Ghana relevance filter
met:312232,failed Ghana relevance filter
met:312233,failed Ghana relevance filter
met:312238,failed Ghana relevance filter
met:312242,failed Ghana relevance filter
met:312244,failed Ghana relevance filter
met:312245,failed Ghana relevance filter
met:312246,failed Ghana relevance filter
met:312252,failed Ghana relevance filter
met:312255,failed Ghana relevance filter
met:312257,failed Ghana relevance filter
met:312259,failed Ghana relevance filter
met:312395,failed Ghana relevance filter
met:312558,failed Ghana relevance filter
met:312581,failed Ghana relevance filter
met:312752,failed Ghana relevance filter
met:313251,failed Ghana relevance filter
met:313257,failed Ghana relevance filter
met:313262,failed Ghana relevance filter
met:313289,failed Ghana relevance filter
met:313398,failed Ghana relevance filter
met:313406,failed Ghana relevance filter
met:313415,failed Ghana relevance filter
met:313416,failed Ghana relevance filter
met:314217,failed Ghana relevance filter
met:314246,failed Ghana relevance filter
met:314299,failed Ghana relevance filter
met:315136,failed Ghana relevance filter
met:315291,failed Ghana relevance filter
met:315458,failed Ghana relevance filter
met:315492,failed Ghana relevance filter
met:315668,failed Ghana relevance filter
met:3158,failed Ghana relevance filter
met:315960,failed Ghana relevance filter
met:316409,failed Ghana relevance filter
met:316410,failed Ghana relevance filter
met:316427,failed Ghana relevance filter
met:316436,failed Ghana relevance filter
met:316437,failed Ghana relevance filter
met:316604,failed Ghana relevance filter
met:316709,failed Ghana relevance filter
met:316786,failed Ghana relevance filter
met:317619,failed Ghana relevance filter
met:317753,failed Ghana relevance filter
met:317800,failed Ghana relevance filter
met:317801,failed Ghana relevance filter
met:317810,failed Ghana relevance filter
met:317811,failed Ghana relevance filter
met:317869,failed Ghana relevance filter
met:317877,failed Ghana relevance filter
met:317891,failed Ghana relevance filter
met:317892,failed Ghana relevance filter
met:317924,failed Ghana relevance filter
met:318035,failed Ghana relevance filter
met:318069,failed Ghana relevance filter
met:318383,failed Ghana relevance filter
met:318384,failed Ghana relevance filter
met:318386,failed Ghana relevance filter
met:318398,failed Ghana relevance filter
met:318447,failed Ghana relevance filter
met:318448,failed Ghana relevance filter
met:318451,failed Ghana relevance filter
met:318452,failed Ghana relevance filter
met:318454,failed Ghana relevance filter
met:318455,failed Ghana relevance filter
met:318457,failed Ghana relevance filter
met:318458,failed Ghana relevance filter
met:318459,failed Ghana relevance filter
met:318524,failed Ghana relevance filter
met:318536,failed Ghana relevance filter
met:318567,failed Ghana relevance filter
met:318570,failed Ghana relevance filter
met:318703,failed Ghana relevance filter
met:318704,failed Ghana relevance filter
met:318705,failed Ghana relevance filter
met:318706,failed Ghana relevance filter
met:318708,failed Ghana relevance filter
met:318709,failed Ghana relevance filter
met:318710,failed Ghana relevance filter
met:318967,failed Ghana relevance filter
met:32362,failed Ghana relevance filter
met:32393,failed Ghana relevance filter
met:3285,failed Ghana relevance filter
met:3286,failed Ghana relevance filter
met:3288,failed Ghana relevance filter
met:3298,failed Ghana relevance filter
met:33285,failed Ghana relevance filter
met:33999,failed Ghana relevance filter
met:34069,failed Ghana relevance filter
met:34089,failed Ghana relevance filter
met:34114,failed Ghana relevance filter
met:34115,failed Ghana relevance filter
met:34283,failed Ghana relevance filter
met:34290,failed Ghana relevance filter
met:34291,failed Ghana relevance filter
met:34292,failed Ghana relevance filter
met:34293,failed Ghana relevance filter
met:34294,failed Ghana relevance filter
met:34295,failed Ghana relevance filter
met:34296,failed Ghana relevance filter
met:34297,failed Ghana relevance filter
met:34298,failed Ghana relevance filter
met:34299,failed Ghana relevance filter
met:34300,failed Ghana relevance filter
met:34301,failed Ghana relevance filter
met:34303,failed Ghana relevance filter
met:34304,failed Ghana relevance filter
met:34305,failed Ghana relevance filter
met:34306,failed Ghana relevance filter
met:34307,failed Ghana relevance filter
met:34308,failed Ghana relevance filter
met:34309,failed Ghana relevance filter
met:34311,failed Ghana relevance filter
met:34312,failed Ghana relevance filter
met:34313,failed Ghana relevance filter
met:34314,failed Ghana relevance filter
met:34315,failed Ghana relevance filter
met:34316,failed Ghana relevance filter
met:34317,failed Ghana relevance filter
met:34318,failed Ghana relevance filter
met:34320,failed Ghana relevance filter
met:34321,failed Ghana relevance filter
met:34324,failed Ghana relevance filter
met:3472,failed Ghana relevance filter
met:35358,failed Ghana relevance filter
met:3547,failed Ghana relevance filter
met:35652,failed Ghana relevance filter
met:35739,failed Ghana relevance filter
met:35771,failed Ghana relevance filter
met:35823,failed Ghana relevance filter
met:35845,failed Ghana relevance filter
met:35853,failed Ghana relevance filter
met:35870,failed Ghana relevance filter
met:35881,failed Ghana relevance filter
met:35937,failed Ghana relevance filter
met:35939,failed Ghana relevance filter
met:36112,failed Ghana relevance filter
met:36203,failed Ghana relevance filter
met:36225,failed Ghana relevance filter
met:36256,failed Ghana relevance filter
met:3768,failed Ghana relevance filter
met:37946,failed Ghana relevance filter
met:38098,failed Ghana relevance filter
met:38127,failed Ghana relevance filter
met:38201,failed Ghana relevance filter
met:38450,failed Ghana relevance filter
met:38481,failed Ghana relevance filter
met:38550,failed Ghana relevance filter
met:3857,failed Ghana relevance filter
met:38577,failed Ghana relevance filter
met:38580,failed Ghana relevance filter
met:38603,failed Ghana relevance filter
met:39213,failed Ghana relevance filter
met:39270,failed Ghana relevance filter
met:39385,failed Ghana relevance filter
met:39386,failed Ghana relevance filter
met:39387,failed Ghana relevance filter
met:39430,failed Ghana relevance filter
met:39649,failed Ghana relevance filter
met:39728,failed Ghana relevance filter
met:39731,failed Ghana relevance filter
met:39742,failed Ghana relevance filter
met:39895,failed Ghana relevance filter
met:39901,failed Ghana relevance filter
met:3993,failed Ghana relevance filter
met:3994,failed Ghana relevance filter
met:40080,failed Ghana relevance filter
met:40096,failed Ghana relevance filter
met:41502,failed Ghana relevance filter
met:41505,failed Ghana relevance filter
met:42105,failed Ghana relevance filter
met:42376,failed Ghana relevance filter
met:44288,failed Ghana relevance filter
met:44718,failed Ghana relevance filter
met:44759,failed Ghana relevance filter
met:44842,failed Ghana relevance filter
met:44858,failed Ghana relevance filter
met:4538,failed Ghana relevance filter
met:45386,failed Ghana relevance filter
met:45692,failed Ghana relevance filter
met:45729,failed Ghana relevance filter
met:4636,failed Ghana relevance filter
met:49461,failed Ghana relevance filter
met:49470,failed Ghana relevance filter
met:49471,failed Ghana relevance filter
met:49476,failed Ghana relevance filter
met:49638,failed Ghana relevance filter
met:49719,failed Ghana relevance filter
met:49742,failed Ghana relevance filter
met:49743,failed Ghana relevance filter
met:49744,failed Ghana relevance filter
met:49745,failed Ghana relevance filter
met:49746,failed Ghana relevance filter
met:49985,failed Ghana relevance filter
met:49986,failed Ghana relevance filter
met:50417,failed Ghana relevance filter
met:5242,failed Ghana relevance filter
met:5247,failed Ghana relevance filter
met:5250,failed Ghana relevance filter
met:5252,failed Ghana relevance filter
met:53008,failed Ghana relevance filter
met:53162,failed Ghana relevance filter
met:53180,failed Ghana relevance filter
met:53190,failed Ghana relevance filter
met:53221,failed Ghana relevance filter
met:53238,failed Ghana relevance filter
met:53404,failed Ghana relevance filter
met:53429,failed Ghana relevance filter
met:53439,failed Ghana relevance filter
met:53660,failed Ghana relevance filter
met:5472,failed Ghana relevance filter
met:55584,failed Ghana relevance filter
met:5633,failed Ghana relevance filter
met:56553,failed Ghana relevance filter
met:57287,failed Ghana relevance filter
met:57290,failed Ghana relevance filter
met:59669,failed Ghana relevance filter
met:60470,failed Ghana relevance filter
met:60662,failed Ghana relevance filter
met:6097,failed Ghana relevance filter
met:6147,failed Ghana relevance filter
met:61742,failed Ghana relevance filter
met:61815,failed Ghana relevance filter
met:6210,failed Ghana relevance filter
met:6233,failed Ghana relevance filter
met:64897,failed Ghana relevance filter
met:65230,failed Ghana relevance filter
met:65628,failed Ghana relevance filter
met:65659,failed Ghana relevance filter
met:65730,failed Ghana relevance filter
met:6691,failed Ghana relevance filter
met:6790,failed Ghana relevance filter
met:68302,failed Ghana relevance filter
met:6847,failed Ghana relevance filter
met:7074,failed Ghana relevance filter
met:7075,failed Ghana relevance filter
met:7105,failed Ghana relevance filter
met:7106,failed Ghana relevance filter
met:7107,failed Ghana relevance filter
met:72801,failed Ghana relevance filter
met:73159,failed Ghana relevance filter
met:73199,failed Ghana relevance filter
met:73223,failed Ghana relevance filter
met:73383,failed Ghana relevance filter
met:74421,failed Ghana relevance filter
met:74532,failed Ghana relevance filter
met:74653,failed Ghana relevance filter
met:74677,failed Ghana relevance filter
met:74680,failed Ghana relevance filter
met:74715,failed Ghana relevance filter
met:74725,failed Ghana relevance filter
met:75201,failed Ghana relevance filter
met:75912,failed Ghana relevance filter
met:76034,failed Ghana relevance filter
met:7607,failed Ghana relevance filter
met:78211,failed Ghana relevance filter
met:7958,failed Ghana relevance filter
met:8072,failed Ghana relevance filter
met:80843,failed Ghana relevance filter
met:83575,failed Ghana relevance filter
met:83584,failed Ghana relevance filter
met:83616,failed Ghana relevance filter
met:84909,failed Ghana relevance filter
met:85419,failed Ghana relevance filter
met:85569,failed Ghana relevance filter
met:85570,failed Ghana relevance filter
met:85581,failed Ghana relevance filter
met:85584,failed Ghana relevance filter
met:8789,failed Ghana relevance filter
met:90286,failed Ghana relevance filter
met:90307,failed Ghana relevance filter
met:9358,failed Ghana relevance filter
met:9488,failed Ghana relevance filter
met:96404,failed Ghana relevance filter
met:96405,failed Ghana relevance filter
met:96406,failed Ghana relevance filter
met:9998,failed Ghana relevance filter
