record_id,title,alternate_title,record_type,period_id,period_label,visual_system_id,visual_system_label,date_display,date_start,date_end,date_certainty,region,locality,community_or_culture,creator_or_authority,creator_role,creator_certainty,commissioner,workshop_or_printer,institution_or_collection,collection_number,object_type,medium,technique,dimensions,language,source_facts,ared_interpretation,historical_significance,cultural_interpretation,provenance,acquisition_history,primary_source_name,primary_source_url,secondary_sources,bibliography,evidence_summary,access_date,rights_status,image_rights_status,community_authority_status,verification_status,uncertainties,related_record_ids,tags,build_id
ARED-GH-HIST-00001,Indigenous visual systems before colonial rule,,historical overview,P1,Visual systems before colonial rule,V1,"Land, cosmology and authority",pre-1471,1000,1470,historical dating,Ghana,,,,,documented in cited sources,,,,,historical overview,,,,,"Scholarly accounts of pre-colonial Ghana describe long-established Akan, Ga, Ewe and related visual languages in gold regalia, stamped and woven cloth, shrine arts, proverbial weights and memorial sculpture. R. S. Rattray's early ethnographic work and subsequent museum catalogues document these as communicative systems rather than ""decorative"" artefacts alone.","ARED frames pre-colonial Ghanaian visual culture as graphic communication: pattern, symbol and form carried authority, memory and social identity before European print arrived on the coast.","Foundation period for adinkra, kente, goldweights, nsodie and related systems that later interact with colonial and post-independence design.",,,,"R. S. Rattray, Ashanti (1923) — via Internet Archive",https://archive.org/details/ashanti0000ratt,,,Historical entry compiled 2026-07-05 from cited published sources.,2026-07-05,metadata_only,text record; images not bundled,assess where culturally governed,partially_verified,,,overview; pre-colonial; visual systems,2026-07-05-taxonomy-v1
ARED-GH-HIST-00002,Coastal contact and transcultural visual exchange,,historical overview,P2,"Coastal contact and transcultural exchange, c. 1471–1874",V4,"Print, colonial rule and public culture",1471–1874,1471,1874,historical dating,Ghana,Elmina; Cape Coast; Accra,,,,documented in cited sources,,,,,historical overview,,,,,"European fortifications and trade on the Gold Coast from the late 15th century introduced new materials, pictorial forms and literacy alongside existing African visual systems. Castle signage, trade documents, religious prints and imported goods entered local visual economies documented in coastal histories and museum collections.","This period is not merely 'pre-colonial background' but an active era of visual translation between Atlantic trade, mission activity and indigenous makers.",,,,,"UNESCO World Heritage — Forts and Castles, Volta, Greater Accra",https://whc.unesco.org/en/list/34/,,,Historical entry compiled 2026-07-05 from cited published sources.,2026-07-05,metadata_only,text record; images not bundled,assess where culturally governed,partially_verified,,,overview; coastal; trade; castles,2026-07-05-taxonomy-v1
ARED-GH-HIST-00003,Colonial print culture and institutional design,,historical overview,P3,"Colonial print and institutional design, 1874–1945",V4,"Print, colonial rule and public culture",1874–1945,1874,1945,historical dating,Ghana,,,,,documented in cited sources,,,,,historical overview,,,,,"Formal British colonial administration after 1874 expanded government printing, missionary publishing, commercial advertising and vernacular literacy. Gold Coast newspapers, schoolbooks, postage, currency and railway publicity created new public graphic formats documented in national archives and library collections.","Colonial print did not replace indigenous visual systems; it layered bureaucratic, missionary and commercial genres onto existing cloth, proverb and performance cultures.",,,,,British Library — Gold Coast collections,https://www.bl.uk/collection-guides/gold-coast,,,Historical entry compiled 2026-07-05 from cited published sources.,2026-07-05,metadata_only,text record; images not bundled,assess where culturally governed,partially_verified,,,overview; colonial; print,2026-07-05-taxonomy-v1
ARED-GH-HIST-00004,Anticolonial and independence visual culture,,historical overview,P4,"Anticolonial and independence visual culture, 1945–1966",V5,Independence and state visual identity,1945–1966,1945,1966,historical dating,Ghana,,,,,documented in cited sources,,,,,historical overview,,,,,"Ghana's independence movement mobilised photography, posters, newspapers, flags, stamps and public ceremony as political communication. Kwame Nkrumah's Convention People's Party and allied cultural workers produced a recognisable independence-era visual field documented in national histories and museum holdings.","Independence was visually staged: new symbols, portraits and campaign graphics turned political aspiration into designed public culture.",,,,,Ghana Independence — Encyclopaedia Britannica,https://www.britannica.com/place/Ghana/The-national-revolution-and-the-republic,,,Historical entry compiled 2026-07-05 from cited published sources.,2026-07-05,metadata_only,text record; images not bundled,assess where culturally governed,partially_verified,,,overview; independence; nationalism,2026-07-05-taxonomy-v1
ARED-GH-HIST-00005,Post-independence public and popular graphics,,historical overview,P5,"Post-independence public and popular graphics, 1966–1992",V6,Popular and everyday graphics,1966–1992,1966,1992,historical dating,Ghana,,,,,documented in cited sources,,,,,historical overview,,,,,"After 1966 Ghana saw changing state media, commercial advertising, record sleeves, cinema publicity, festival arts and workshop-based design education. Photographers, sign painters and state printers shaped everyday visual life in Accra, Kumasi, Takoradi and regional towns.","Popular graphics in this era include both state-sponsored modernisation imagery and grassroots sign, music and market visual cultures.",,,,,James Barnor archive — Autograph ABP,https://autograph.org.uk/exhibitions/james-barnor,,,Historical entry compiled 2026-07-05 from cited published sources.,2026-07-05,metadata_only,text record; images not bundled,assess where culturally governed,source_located,,,overview; post-independence; popular culture,2026-07-05-taxonomy-v1
ARED-GH-HIST-00006,"Democratic, digital and diasporic design since 1992",,historical overview,P6,"Democratic, digital and diasporic design, 1992–present",V7,"Digital, diasporic and contemporary design",1992–present,1992,2026,historical dating,Ghana,,,,,documented in cited sources,,,,,historical overview,,,,,"Ghana's return to multi-party democracy coincided with expanded commercial branding, broadcast graphics, digital media, street art festivals and diasporic design networks. Contemporary Ghanaian designers work across Accra, Kumasi, London and global platforms.","Recent Ghanaian design is simultaneously local, pan-African and global — shaped by social media, festivals and international art markets.",,,,,Chale Wote Street Art Festival,https://chalewotefest.com/,,,Historical entry compiled 2026-07-05 from cited published sources.,2026-07-05,metadata_only,text record; images not bundled,assess where culturally governed,source_located,,,overview; contemporary; digital,2026-07-05-taxonomy-v1
ARED-GH-HIST-00007,Adinkra stamped cloth tradition,,documented practice,P1,Visual systems before colonial rule,V3,"Cloth, pattern and social identity",documented from at least 19th century; older origins debated,1800,2026,historical dating,Ghana,Bono-Ahafo; Kumasi region,Akan peoples; associated with Bono and Asante histories,,,documented in cited sources,,,,,textile practice,cotton cloth; carved calabash stamps; adinkra dye,,,,"Adinkra is an Akan cloth tradition stamped with symbolic motifs, historically associated with funerary and ceremonial use. Named symbols such as Gye Nyame are documented in Akan scholarship and widely reproduced in later Ghanaian graphic design. UNESCO and Ghanaian cultural agencies describe adinkra as intangible heritage linked to Bono origins.","Adinkra functions as a proto-graphic system: repeatable symbols with proverbial meanings, later adapted into logos, typography and national branding.",One of Ghana's most exported visual languages into contemporary design and diaspora identity graphics.,,,,UNESCO Intangible Cultural Heritage — Adinkra (related Akan traditions),https://ich.unesco.org/,Kwaku Osei-Bonsu; Akan symbol dictionaries,,Historical entry compiled 2026-07-05 from cited published sources.,2026-07-05,metadata_only,text record; images not bundled,assess where culturally governed,partially_verified,exact origin dates and individual early makers often unrecorded,,adinkra; textile; Akan; symbol,2026-07-05-taxonomy-v1
ARED-GH-HIST-00008,Kente woven cloth as pattern communication,,documented practice,P1,Visual systems before colonial rule,V3,"Cloth, pattern and social identity",centuries-old; widely documented 19th–20th century,1700,2026,historical dating,Ghana,Kumasi; Bonwire; Agbozume,Asante; Ewe; related weaving communities,,,documented in cited sources,,,,,textile weaving,silk; cotton; strip weave,,,,"Kente is a strip-woven prestige cloth associated especially with Asante and Ewe makers. Named patterns carry social meaning and are worn at ceremonies of status. Ghanaian museums, Bonwire community accounts and textile scholarship document kente as a coded visual language rather than purely decorative cloth.",Kente patterns operate like a designed vocabulary of colour and motif — a wearable graphic system central to Ghanaian public ceremony.,,,,,Bonwire Kente Museum / Ghana tourism documentation,https://www.ghana.travel/places-to-visit/regions/ashanti-region/,,,Historical entry compiled 2026-07-05 from cited published sources.,2026-07-05,metadata_only,text record; images not bundled,assess where culturally governed,partially_verified,,,kente; textile; Asante; Ewe; weaving,2026-07-05-taxonomy-v1
ARED-GH-HIST-00009,Akan goldweights (abrammuo) as proverbial graphic forms,,documented practice,P2,"Coastal contact and transcultural exchange, c. 1471–1874",V1,"Land, cosmology and authority",17th–20th century (museum dating),1600,1950,historical dating,Ghana,,Akan; Asante,,,documented in cited sources,,,,,metal weights,brass; copper alloy,,,,Akan goldweights were used in trade measurement and cast or modelled in figurative and geometric forms referencing proverbs and social concepts. Major museums including the British Museum and Metropolitan Museum hold extensive Ghana-related goldweight collections with accession documentation.,"Goldweights are miniature designed objects: visual shorthand for proverb, satire and authority within Akan communicative culture.",,,,,British Museum collection — Akan goldweights,https://www.britishmuseum.org/collection/search?keyword=akan+goldweight,,,Historical entry compiled 2026-07-05 from cited published sources.,2026-07-05,metadata_only,text record; images not bundled,assess where culturally governed,partially_verified,,,goldweight; Akan; proverb; brass,2026-07-05-taxonomy-v1
ARED-GH-HIST-00010,Nsodie (memorial terracotta heads),,documented practice,P2,"Coastal contact and transcultural exchange, c. 1471–1874",V2,"Memory, proverb and performance",17th–19th century (typical museum dating),1600,1900,historical dating,Ghana,,Akan peoples,,,documented in cited sources,,,,,ceramic sculpture,terracotta,,,,"Nsodie are Akan memorial heads placed at sacred burial sites to honour the dead. Terracotta examples are documented in Ghana and in museum collections worldwide. Met and Cleveland Museum accession records describe culture, medium and regional attribution.",Memorial heads embody designed presence — portraiture without individual likeness conventions of European print portraiture.,,,,,Metropolitan Museum — Akan memorial head records,https://www.metmuseum.org/art/collection/search?q=nsodie,,,Historical entry compiled 2026-07-05 from cited published sources.,2026-07-05,metadata_only,text record; images not bundled,assess where culturally governed,partially_verified,,,nsodie; Akan; terracotta; memorial,2026-07-05-taxonomy-v1
ARED-GH-HIST-00011,Fante Asafo company flags (frankaa),,documented practice,P2,"Coastal contact and transcultural exchange, c. 1471–1874",V2,"Memory, proverb and performance",19th century–present,1800,2026,historical dating,Ghana,Central Region; Cape Coast; Anomabo,Fante; coastal Ghana,,,documented in cited sources,,,,,appliqué flag,cotton cloth; appliqué; stitch,,,,"Asafo flags belong to Fante military companies (asafo) along Ghana's coast. Flags combine figurative appliqué, proverb and company identity. Collections at the Fowler Museum, Brooklyn Museum and Ghanaian community archives document their role in public performance and rivalry.","Asafo flags are a major Ghanaian graphic genre: designed cloth banners for collective identity, satire and historical narrative.",,,,,Fowler Museum — Asafo flags collection,https://fowler.ucla.edu/collections/asafo-flags/,,,Historical entry compiled 2026-07-05 from cited published sources.,2026-07-05,metadata_only,text record; images not bundled,assess where culturally governed,partially_verified,,,asafo; flag; Fante; appliqué; proverb,2026-07-05-taxonomy-v1
ARED-GH-HIST-00012,Ga mfrankaa (posuban shrine banners),,documented practice,P2,"Coastal contact and transcultural exchange, c. 1471–1874",V2,"Memory, proverb and performance",19th–20th century,1800,2000,historical dating,Ghana,Accra; Teshie; Labadi,Ga peoples,,,documented in cited sources,,,,,shrine banner,cloth; paint; appliqué,,,,Ga posuban (military/shrine posts) and associated banners (mfrankaa) combine figurative painting and cloth in urban Accra neighbourhoods. Ethnographic and community documentation describe them as public religious and historical graphics.,Ga shrine banners share coastal Ghana's tradition of designed cloth as public narrative — parallel to Asafo but within Ga religious urbanism.,,,,,Ghana Museums and Monuments Board,https://gmmb.gov.gh/,,,Historical entry compiled 2026-07-05 from cited published sources.,2026-07-05,metadata_only,text record; images not bundled,assess where culturally governed,source_located,,,Ga; posuban; mfrankaa; Accra; shrine,2026-07-05-taxonomy-v1
ARED-GH-HIST-00013,Ewe kente and woven identity,,documented practice,P2,"Coastal contact and transcultural exchange, c. 1471–1874",V3,"Cloth, pattern and social identity",19th–20th century,1800,2026,historical dating,Ghana,Volta Region; Agbozume,Ewe peoples,,,documented in cited sources,,,,,textile weaving,cotton; rayon; strip weave,,,,Ewe kente traditions are documented in Volta Region weaving centres such as Agbozume. Museum textile records attribute wrappers and prestige cloths to Ewe makers with distinct pattern repertoires from Asante kente.,Ewe weaving expands Ghana's graphic history beyond a single 'kente' narrative — multiple designed cloth systems coexist.,,,,,Metropolitan Museum — Ewe wrapper records,https://www.metmuseum.org/art/collection/search?q=ewe+ghana+textile,,,Historical entry compiled 2026-07-05 from cited published sources.,2026-07-05,metadata_only,text record; images not bundled,assess where culturally governed,partially_verified,,,Ewe; kente; Volta; textile,2026-07-05-taxonomy-v1
ARED-GH-HIST-00014,Basel Mission press and early vernacular printing,,institution,P3,"Colonial print and institutional design, 1874–1945",V4,"Print, colonial rule and public culture",19th century,1828,1918,historical dating,Ghana,Akropong; Osu,,,,documented in cited sources,,,Basel Mission,,mission printing,letterpress; religious tract; schoolbook,,,,"The Basel Mission established printing and literacy work on the Gold Coast from the 19th century, producing religious and educational materials in local and European languages. Mission archives and Ghanaian church histories document early typographic and illustrated book production.",Mission printing introduced European typographic layout into Ghana while also supporting local language literacy — a foundational colonial-era graphic infrastructure.,,,,,Basel Mission Archive (overview),https://www.bmarchives.org/,,,Historical entry compiled 2026-07-05 from cited published sources.,2026-07-05,metadata_only,text record; images not bundled,assess where culturally governed,source_located,,,Basel Mission; print; mission; Akropong,2026-07-05-taxonomy-v1
ARED-GH-HIST-00015,Gold Coast Government Printing Department,,institution,P3,"Colonial print and institutional design, 1874–1945",V4,"Print, colonial rule and public culture",colonial era,1874,1957,historical dating,Ghana,Accra,,,,documented in cited sources,,,Gold Coast colonial administration,,government printing,official gazette; form; poster,,,,"Colonial Gold Coast administration relied on government printing for gazettes, legislation, tax forms, public notices and educational materials. National archives and library finding aids reference Government Printer publications as core bureaucratic graphic formats.","State paperwork is a designed genre: layout, seal and typography communicated imperial authority long before independence branding.",,,,,Public Records and Archives Administration Department (PRAAD) Ghana,https://praad.gov.gh/,,,Historical entry compiled 2026-07-05 from cited published sources.,2026-07-05,metadata_only,text record; images not bundled,assess where culturally governed,source_located,,,government print; colonial; gazette; Accra,2026-07-05-taxonomy-v1
ARED-GH-HIST-00016,Gold Coast Gazette and early newspapers,,publication genre,P3,"Colonial print and institutional design, 1874–1945",V4,"Print, colonial rule and public culture",19th–20th century,1850,1957,historical dating,Ghana,,,,,documented in cited sources,,,,,newspaper,letterpress newsprint,,,,"Gold Coast newspapers including official gazettes and commercial papers created recurring masthead, headline and advertisement layouts. Library and newspaper archive holdings document the emergence of a local press culture before independence.","Newspaper design trained readers in daily graphic formats — news hierarchy, advertising blocks and political cartoons.",,,,,British Library Newspapers — Africa,https://www.bl.uk/collection-guides/newspapers,,,Historical entry compiled 2026-07-05 from cited published sources.,2026-07-05,metadata_only,text record; images not bundled,assess where culturally governed,source_located,,,newspaper; Gold Coast; press; gazette,2026-07-05-taxonomy-v1
ARED-GH-HIST-00017,Railway and colonial commercial advertising,,documented practice,P3,"Colonial print and institutional design, 1874–1945",V6,Popular and everyday graphics,early–mid 20th century,1900,1960,historical dating,Ghana,,,,,documented in cited sources,,,,,advertising poster, lithograph; offset print,,,,"Gold Coast railway expansion and consumer imports produced illustrated timetables, travel posters and product advertisements aimed at urban and coastal audiences. Archive ephemera and museum collections preserve examples of early commercial graphics.",Colonial advertising introduced illustrated persuasion — a bridge to post-war Accra studio photography and calendar advertising.,,,,,Ghana Railway history — academic and archive sources,https://praad.gov.gh/,,,Historical entry compiled 2026-07-05 from cited published sources.,2026-07-05,metadata_only,text record; images not bundled,assess where culturally governed,source_located,,,railway; advertising; colonial; poster,2026-07-05-taxonomy-v1
ARED-GH-HIST-00018,Imported wax-print cloth (Dutch block and roller print),,documented practice,P3,"Colonial print and institutional design, 1874–1945",V3,"Cloth, pattern and social identity",late 19th–20th century,1890,2026,historical dating,Ghana,,,,,documented in cited sources,,,,,printed textile,cotton wax print,,,,"Factory-printed wax cloth from European firms (including Vlisco and related suppliers) became central to West African dress and naming cultures. Ghanaian markets renamed patterns; ATL, GTP and other firms later produced region-specific designs documented in textile industry histories.","Wax print is a designed medium shaped by Ghanaian consumers — pattern names, social meaning and fashion cycles constitute a popular graphic economy.",,,,,Vlisco company history,https://www.vlisco.com/about-us/history/,,,Historical entry compiled 2026-07-05 from cited published sources.,2026-07-05,metadata_only,text record; images not bundled,assess where culturally governed,partially_verified,,,wax print; textile; Vlisco; GTP; fashion,2026-07-05-taxonomy-v1
ARED-GH-HIST-00019,National flag of Ghana,,state symbol,P4,"Anticolonial and independence visual culture, 1945–1966",V5,Independence and state visual identity,adopted 1957,1957,2026,historical dating,Ghana,Accra,,Theodosia Okoh (widely credited designer),designer,documented in cited sources,,,,,flag,textile; horizontal tricolour,,,,"Ghana's flag — red, gold and green horizontal stripes with a black star — was adopted at independence in 1957. Ghanaian and international sources credit artist Theodosia Okoh with the design. The black star references Marcus Garvey's Black Star Line and Ghana's leadership in African independence.","The flag is Ghana's foundational republic graphic: colour symbolism and star motif reused across stamps, coins, sports kits and diaspora identity design.",Primary national symbol of the first sub-Saharan African colony to achieve independence.,,,,Government of Ghana — national symbols,https://www.ghana.gov.gh/about-ghana/national-symbols/,,,Historical entry compiled 2026-07-05 from cited published sources.,2026-07-05,metadata_only,text record; images not bundled,assess where culturally governed,partially_verified,,,flag; independence; Theodosia Okoh; national symbol,2026-07-05-taxonomy-v1
ARED-GH-HIST-00020,Coat of arms of Ghana,,state symbol,P4,"Anticolonial and independence visual culture, 1945–1966",V5,Independence and state visual identity,adopted 4 March 1957,1957,2026,historical dating,Ghana,,,"Nii Amon Kotei (lead artist, documented)",designer,documented in cited sources,,,,,heraldic emblem,illustration; official seal,,,,"Ghana's coat of arms was adopted on 4 March 1957, featuring a shield with cross, castle, cocoa tree and mine, supported by eagles and bearing the motto FREEDOM AND JUSTICE. Artist Nii Amon Kotei is widely documented as principal designer among a committee of artists.","The coat of arms codified resource and history imagery into a single official pictogram used on documents, currency and state architecture.",,,,,Government of Ghana — national symbols,https://www.ghana.gov.gh/about-ghana/national-symbols/,,,Historical entry compiled 2026-07-05 from cited published sources.,2026-07-05,metadata_only,text record; images not bundled,assess where culturally governed,partially_verified,,,coat of arms; Nii Amon Kotei; heraldry; independence,2026-07-05-taxonomy-v1
ARED-GH-HIST-00021,Kwame Nkrumah — political portraiture and campaign graphics,,person,P4,"Anticolonial and independence visual culture, 1945–1966",V5,Independence and state visual identity,1940s–1966,1947,1966,historical dating,Ghana,,,Kwame Nkrumah,political leader / subject of visual culture,documented in cited sources,,,,,political portrait; poster,photography; print; banner,,,,"Kwame Nkrumah, first Prime Minister and President of Ghana, was one of the most reproduced political figures in West African visual culture. Photographs, posters, stamps and public monuments circulated his image during CPP campaigns and independence celebrations.","Nkrumah's visual presence exemplifies designed political charisma — portrait, gesture and colour deployed for mass mobilisation.",,,,,Kwame Nkrumah — Encyclopaedia Britannica,https://www.britannica.com/biography/Kwame-Nkrumah,,,Historical entry compiled 2026-07-05 from cited published sources.,2026-07-05,metadata_only,text record; images not bundled,assess where culturally governed,partially_verified,,,Nkrumah; politics; portrait; CPP,2026-07-05-taxonomy-v1
ARED-GH-HIST-00022,Convention People's Party (CPP) campaign materials,,documented practice,P4,"Anticolonial and independence visual culture, 1945–1966",V5,Independence and state visual identity,1950s,1949,1966,historical dating,Ghana,,,,,documented in cited sources,,,Convention People's Party,,political ephemera,poster; leaflet; badge,,,,"The CPP used printed ephemera, photographs and public spectacle in the Positive Action era and 1951/1956 elections leading to independence. Political history archives and museum collections hold campaign badges, cloth and printed slogans.",CPP graphics linked anti-colonial rhetoric to repeatable visual motifs — a template for later Ghanaian party political design.,,,,,Ghana independence historical accounts,https://www.ghana.gov.gh/about-ghana/history/,,,Historical entry compiled 2026-07-05 from cited published sources.,2026-07-05,metadata_only,text record; images not bundled,assess where culturally governed,source_located,,,CPP; campaign; politics; independence,2026-07-05-taxonomy-v1
ARED-GH-HIST-00023,Ghana Post independence stamp issues,,publication series,P4,"Anticolonial and independence visual culture, 1945–1966",V5,Independence and state visual identity,from 1957,1957,2026,historical dating,Ghana,,,,,documented in cited sources,,,Ghana Post,,postage stamp,engraving; offset miniature design,,,,"Ghana's postal authority issued stamps from independence onward depicting leaders, industry, culture and events. Stamp catalogues and philatelic archives document Ghana as an early post-colonial issuer of national commemorative miniature graphics.",Stamps functioned as everyday state publishing — small designed surfaces reaching households and international post.,,,,,Stanley Gibbons / Colnect Ghana stamps catalogue,https://www.colnect.com/en/stamps/list/country/82-Ghana,,,Historical entry compiled 2026-07-05 from cited published sources.,2026-07-05,metadata_only,text record; images not bundled,assess where culturally governed,source_located,,,stamp; Ghana Post; philately; state design,2026-07-05-taxonomy-v1
ARED-GH-HIST-00024,Theodosia Okoh,,person,P4,"Anticolonial and independence visual culture, 1945–1966",V5,Independence and state visual identity,1922–2015,1922,2015,historical dating,Ghana,,,Theodosia Okoh,artist; teacher; flag designer,documented in cited sources,,,,,biographical authority,,,,,Theodosia Okoh (1922–2015) was a Ghanaian artist and teacher widely credited with designing Ghana's national flag in 1957. Ghanaian government and cultural obituaries document her role in national symbol design and sports administration.,Okoh anchors Ghana's design history in named female authorship of the republic's most visible graphic.,,,,,Theodosia Okoh — Wikipedia (cross-check with Ghana gov sources),https://en.wikipedia.org/wiki/Theodosia_Okoh,,,Historical entry compiled 2026-07-05 from cited published sources.,2026-07-05,metadata_only,text record; images not bundled,assess where culturally governed,partially_verified,,,Theodosia Okoh; designer; flag; person,2026-07-05-taxonomy-v1
ARED-GH-HIST-00025,Nii Amon Kotei,,person,P4,"Anticolonial and independence visual culture, 1945–1966",V5,Independence and state visual identity,1915–2011,1915,2011,historical dating,Ghana,,,Nii Amon Kotei,artist; heraldic designer,documented in cited sources,,,,,person,,,,,Nii Amon Kotei (1915–2011) was a Ghanaian artist documented as lead designer of the national coat of arms in 1957. State honours and obituaries in Ghanaian press record his contribution to independence-era official imagery.,Kotei's work shows how fine artists were recruited to build bureaucratic visual identity at independence.,,,,,Ghana national symbols documentation,https://www.ghana.gov.gh/about-ghana/national-symbols/,,,Historical entry compiled 2026-07-05 from cited published sources.,2026-07-05,metadata_only,text record; images not bundled,assess where culturally governed,partially_verified,,,Nii Amon Kotei; coat of arms; artist; person,2026-07-05-taxonomy-v1
ARED-GH-HIST-00026,James Barnor — Ever Young studio and street photography,,person,P5,"Post-independence public and popular graphics, 1966–1992",V6,Popular and everyday graphics,1950s–1970s (Ghana period); active to present,1929,2026,historical dating,Ghana,Accra; London,,James Barnor,photographer,documented in cited sources,,,,,photography studio,film photography; studio portrait; press,,,,"James Barnor (born 1929) opened the Ever Young studio in Accra and worked for Drum magazine and commercial clients including Agip calendar campaigns. Retrospectives by Autograph, Galerie Clémentine de la Féronnière and museum acquisitions document his role in Ghanaian and diasporic popular photography.","Barnor's studio portraits and advertising work are core Ghanaian graphic history — fashion, pose and backdrop as designed self-presentation.",,,,,Autograph — James Barnor,https://autograph.org.uk/exhibitions/james-barnor,,,Historical entry compiled 2026-07-05 from cited published sources.,2026-07-05,metadata_only,text record; images not bundled,assess where culturally governed,partially_verified,,,James Barnor; photography; Ever Young; Accra,2026-07-05-taxonomy-v1
ARED-GH-HIST-00027,Drum magazine West Africa — Ghana coverage,,publication,P5,"Post-independence public and popular graphics, 1966–1992",V6,Popular and everyday graphics,1950s–1970s,1951,1980,historical dating,Ghana,,,,,documented in cited sources,,,,,magazine,photography; offset magazine layout,,,,"Drum magazine covered fashion, politics and urban culture across West and East Africa with strong Ghanaian photographic content. Layout, headline design and photo essays shaped regional popular modernity documented in media histories.",Drum is a transnational graphic platform where Ghanaian photographers and subjects entered pan-African visual culture.,,,,,Drum magazine historical overview,https://www.britannica.com/topic/Drum-magazine,,,Historical entry compiled 2026-07-05 from cited published sources.,2026-07-05,metadata_only,text record; images not bundled,assess where culturally governed,source_located,,,Drum; magazine; photography; popular press,2026-07-05-taxonomy-v1
ARED-GH-HIST-00028,Daily Graphic newspaper,,publication,P4,"Anticolonial and independence visual culture, 1945–1966",V4,"Print, colonial rule and public culture",founded 1950,1950,2026,historical dating,Ghana,Accra,,,,documented in cited sources,,,Graphic Communications Group Ltd,,daily newspaper,newsprint; phototypeset; digital (later),,,,"The Daily Graphic, founded in 1950, is one of Ghana's longest-running daily newspapers. Its masthead, photo layout and advertising columns constitute a daily designed interface of national news.",Daily Graphic represents the institutionalisation of Ghanaian news design after independence.,,,,,Graphic Online — About,https://www.graphic.com.gh/,,,Historical entry compiled 2026-07-05 from cited published sources.,2026-07-05,metadata_only,text record; images not bundled,assess where culturally governed,partially_verified,,,Daily Graphic; newspaper; Accra; press,2026-07-05-taxonomy-v1
ARED-GH-HIST-00029,Ghanaian Times newspaper,,publication,P4,"Anticolonial and independence visual culture, 1945–1966",V4,"Print, colonial rule and public culture",founded 1957,1957,2026,historical dating,Ghana,,,,,documented in cited sources,,,New Times Corporation,,daily newspaper,newsprint,,,,The Ghanaian Times was established in 1957 as a state-linked daily paper in the independence era. It forms part of Ghana's mid-century public print landscape alongside the Daily Graphic.,Competing mastheads and photo layouts shaped Ghanaian readers' visual habits in the early republic.,,,,,Ghanaian Times,https://www.ghanaiantimes.com.gh/,,,Historical entry compiled 2026-07-05 from cited published sources.,2026-07-05,metadata_only,text record; images not bundled,assess where culturally governed,source_located,,,Ghanaian Times; newspaper; state media,2026-07-05-taxonomy-v1
ARED-GH-HIST-00030,Hand-painted cinema and concert posters (Accra),,documented practice,P5,"Post-independence public and popular graphics, 1966–1992",V6,Popular and everyday graphics,1970s–1990s,1970,1995,historical dating,Ghana,Accra; Kumasi,,,,documented in cited sources,,,,,hand-painted poster,oil paint on flour sack / board,,,,"Hand-painted film and music posters flourished in Ghanaian cities, especially for mobile cinema and concert promotion. Scholarly articles and collector documentation describe bold figurative painting styles associated with artists such as Leonardo da Vinci Opoku and regional sign-painting traditions.","Ghanaian cinema posters are an internationally recognised popular graphic genre — painterly, serial and locally authored.",,,,,Karun Thakar collection / academic studies of Ghanaian film posters,https://www.karunthakar.com/,,,Historical entry compiled 2026-07-05 from cited published sources.,2026-07-05,metadata_only,text record; images not bundled,assess where culturally governed,source_located,individual artist attributions vary by poster; dating often approximate,,cinema poster; hand-painted; Accra; popular art,2026-07-05-taxonomy-v1
ARED-GH-HIST-00031,Highlife record sleeve and music graphics,,documented practice,P5,"Post-independence public and popular graphics, 1966–1992",V6,Popular and everyday graphics,1950s–1980s,1950,1990,historical dating,Ghana,,,,,documented in cited sources,,,,,record sleeve,vinyl LP sleeve; photography; typography,,,,"Highlife and later Afro-pop releases on labels such as Philips, Decca and local presses used photography, lettering and colour blocking on sleeves. Discography archives and collector communities document Ghana as a major West African music packaging market.","Record sleeves carried performer image, dance fashion and studio typography into households — parallel to Barnor's studio work.",,,,,Discogs — Ghanaian releases,https://www.discogs.com/search/?country=Ghana,,,Historical entry compiled 2026-07-05 from cited published sources.,2026-07-05,metadata_only,text record; images not bundled,assess where culturally governed,source_located,,,highlife; music; record sleeve; vinyl,2026-07-05-taxonomy-v1
ARED-GH-HIST-00032,Kane Kwei — figurative coffin workshop (popular sculpture as design),,person,P5,"Post-independence public and popular graphics, 1966–1992",V6,Popular and everyday graphics,1950s–1990s,1922,1992,historical dating,Ghana,Teshie; Accra,,Kane Kwei (Seth Kane Kwei workshop tradition),sculptor; workshop founder,documented in cited sources,,,,,figurative coffin,wood; paint,,,,"Kane Kwei pioneered Ga figurative coffins shaped like objects reflecting the deceased's profession or status. Documented by scholars and museums worldwide, the Teshie workshop tradition is a major Ghanaian popular design export.","Fantasy coffins are designed objects at life scale — humour, profession and status rendered as public funeral graphics.",,,,,Centre Pompidou / museum documentation of Kane Kwei coffins,https://www.centrepompidou.fr/en/ressources/oeuvre/cOR7n88,,,Historical entry compiled 2026-07-05 from cited published sources.,2026-07-05,metadata_only,text record; images not bundled,assess where culturally governed,partially_verified,,,Kane Kwei; Ga; coffin; Teshie; popular art,2026-07-05-taxonomy-v1
ARED-GH-HIST-00033,Kwame Nkrumah University of Science and Technology — Faculty of Art,,institution,P4,"Anticolonial and independence visual culture, 1945–1966",V7,"Digital, diasporic and contemporary design",College of Art established 1961,1961,2026,historical dating,Ghana,Kumasi,,,,documented in cited sources,,,KNUST Faculty of Art,,art and design school,,,,,"KNUST's Faculty of Art (formerly College of Art) was established in 1961 within the Kumasi College of Technology, training generations of Ghanaian painters, sculptors, textile artists and designers. University histories credit it as a major institutional hub for modern Ghanaian visual education.","KNUST formalised studio pedagogy that bridged indigenous craft, modernism and later graphic design professions.",,,,,KNUST Faculty of Art,https://art.knust.edu.gh/,,,Historical entry compiled 2026-07-05 from cited published sources.,2026-07-05,metadata_only,text record; images not bundled,assess where culturally governed,partially_verified,,,KNUST; art school; Kumasi; education,2026-07-05-taxonomy-v1
ARED-GH-HIST-00034,University of Ghana — Institute of African Studies and Legon art programmes,,institution,P4,"Anticolonial and independence visual culture, 1945–1966",V4,"Print, colonial rule and public culture",1960s–present,1961,2026,historical dating,Ghana,Legon; Accra,,,,documented in cited sources,,,University of Ghana,,research institute; art education,,,,,"The Institute of African Studies at Legon, founded in 1961, supported documentation of Ghanaian cultural production alongside university art and archaeology programmes that shaped scholarly and curatorial approaches to local visual history.",Legon institutionalised research on Ghanaian visual culture — connecting field documentation to national archives and museums.,,,,,University of Ghana — Institute of African Studies,https://ias.ug.edu.gh/,,,Historical entry compiled 2026-07-05 from cited published sources.,2026-07-05,metadata_only,text record; images not bundled,assess where culturally governed,source_located,,,Legon; University of Ghana; African Studies; research,2026-07-05-taxonomy-v1
ARED-GH-HIST-00035,Ghana Museums and Monuments Board (GMMB),,institution,P4,"Anticolonial and independence visual culture, 1945–1966",V1,"Land, cosmology and authority",1957–present,1957,2026,historical dating,Ghana,Accra,,,,documented in cited sources,,,Ghana Museums and Monuments Board,,national museum authority,,,,,GMMB oversees public museums and heritage sites including the National Museum of Ghana and coastal forts. It holds collections central to documenting Ghanaian material and visual culture for public interpretation.,GMMB is the primary state custodian of objects that anchor Ghana's designed heritage — from adinkra to independence ephemera.,,,,,Ghana Museums and Monuments Board,https://gmmb.gov.gh/,,,Historical entry compiled 2026-07-05 from cited published sources.,2026-07-05,metadata_only,text record; images not bundled,assess where culturally governed,partially_verified,,,GMMB; museum; heritage; Accra,2026-07-05-taxonomy-v1
ARED-GH-HIST-00036,"National Museum of Ghana, Accra",,institution,P4,"Anticolonial and independence visual culture, 1945–1966",V1,"Land, cosmology and authority",opened 1957,1957,2026,historical dating,Ghana,Accra,,,,documented in cited sources,,,National Museum of Ghana,,museum,,,,,"The National Museum of Ghana opened in Accra in 1957, displaying archaeology, ethnography and history collections. It is a key public site for encountering Ghanaian visual and material culture.",Museum display itself is a designed medium — how Ghana narrates its visual past to citizens and visitors.,,,,,Ghana Museums and Monuments Board,https://gmmb.gov.gh/national-museum/,,,Historical entry compiled 2026-07-05 from cited published sources.,2026-07-05,metadata_only,text record; images not bundled,assess where culturally governed,partially_verified,,,National Museum; Accra; GMMB,2026-07-05-taxonomy-v1
ARED-GH-HIST-00037,Ablade Glover — artist and educator,,person,P5,"Post-independence public and popular graphics, 1966–1992",V6,Popular and everyday graphics,1934–2024,1934,2024,historical dating,Ghana,,,Ablade Glover,painter; printmaker; educator,documented in cited sources,,,,,person,,,,,"Ablade Glover (1934–2024) was a leading Ghanaian painter and printmaker, professor at KNUST and founder of Artists Alliance Gallery in Accra. Obituaries and gallery records document his influence on modern Ghanaian art markets and pedagogy.","Glover linked academic training, marketplace display and international collecting — shaping how Ghanaian modern art is visually consumed.",,,,,Artists Alliance Gallery,https://www.artistsalliancegallery.com/,,,Historical entry compiled 2026-07-05 from cited published sources.,2026-07-05,metadata_only,text record; images not bundled,assess where culturally governed,partially_verified,,,Ablade Glover; painting; KNUST; gallery,2026-07-05-taxonomy-v1
ARED-GH-HIST-00038,"Atta Kwami — painter, printmaker and colour systems",,person,P6,"Democratic, digital and diasporic design, 1992–present",V7,"Digital, diasporic and contemporary design",1956–2021,1956,2021,historical dating,Ghana,Kumasi; UK,,Atta Kwami,artist; author,documented in cited sources,,,,,person,,,,,Atta Kwami (1956–2021) was a Ghanaian artist and author of Kumasi Realism and other texts on West African colour and kiosk painting. Tate and international collections document his abstract paintings drawing on Ghanaian architectural colour.,Kwami theorised Ghanaian popular colour as a designed system — connecting kiosk painting to fine art modernism.,,,,,Tate — Atta Kwami,https://www.tate.org.uk/art/artists/atta-kwami-26779,,,Historical entry compiled 2026-07-05 from cited published sources.,2026-07-05,metadata_only,text record; images not bundled,assess where culturally governed,partially_verified,,,Atta Kwami; painting; Kumasi Realism; colour,2026-07-05-taxonomy-v1
ARED-GH-HIST-00039,Ghana Broadcasting Corporation (GBC) television graphics,,institution,P5,"Post-independence public and popular graphics, 1966–1992",V5,Independence and state visual identity,television from 1965,1965,2026,historical dating,Ghana,,,,,documented in cited sources,,,Ghana Broadcasting Corporation,,broadcast ident; title card,television graphics,,,,"GBC launched television broadcasting in 1965, producing title cards, news graphics and ceremonial coverage that visualised the young republic for domestic audiences.",Broadcast graphics extended state visual identity into nightly domestic viewing.,,,,,Ghana Broadcasting Corporation,https://www.gbcghana.com/,,,Historical entry compiled 2026-07-05 from cited published sources.,2026-07-05,metadata_only,text record; images not bundled,assess where culturally governed,source_located,,,GBC; television; broadcast; state media,2026-07-05-taxonomy-v1
ARED-GH-HIST-00040,Ghana cedi banknote design series,,documented practice,P5,"Post-independence public and popular graphics, 1966–1992",V5,Independence and state visual identity,1965–present (successive issues),1965,2026,historical dating,Ghana,,,,,documented in cited sources,,,Bank of Ghana,,banknote,intaglio; security print,,,,"Bank of Ghana currency issues from the cedi's introduction in 1965 onward feature portraits of leaders, cocoa industry, castles and cultural motifs. Bank publications document design changes across political eras.",Banknotes are mass-circulated designed surfaces — state narrative in pocket-sized graphic form.,,,,,Bank of Ghana — currency museum / notes,https://www.bog.gov.gh/,,,Historical entry compiled 2026-07-05 from cited published sources.,2026-07-05,metadata_only,text record; images not bundled,assess where culturally governed,source_located,,,cedi; currency; Bank of Ghana; banknote,2026-07-05-taxonomy-v1
ARED-GH-HIST-00041,Volta River Authority publicity and development graphics,,documented practice,P4,"Anticolonial and independence visual culture, 1945–1966",V5,Independence and state visual identity,1960s,1961,1980,historical dating,Ghana,,,,,documented in cited sources,,,Volta River Authority,,development publicity,poster; brochure; photography,,,,The Akosombo Dam project was accompanied by publicity presenting electrification and modernisation. VRA and Nkrumah-era materials used photography and bold layout to visualise infrastructural nation-building.,"Development publicity is a designed genre of post-colonial optimism — dams, wires and factories as graphic icons.",,,,,Volta River Authority,https://www.vra.com/,,,Historical entry compiled 2026-07-05 from cited published sources.,2026-07-05,metadata_only,text record; images not bundled,assess where culturally governed,source_located,,,VRA; Akosombo; development; poster,2026-07-05-taxonomy-v1
ARED-GH-HIST-00042,Tema industrial port city advertising,,documented practice,P4,"Anticolonial and independence visual culture, 1945–1966",V6,Popular and everyday graphics,1960s–1970s,1960,1980,historical dating,Ghana,Tema,,,,documented in cited sources,,,,,industrial advertising,photography; print advertisement,,,,"Tema, Ghana's planned industrial port city, generated corporate and state advertising around oil, shipping and manufacturing. Museum and library holdings include mid-century industrial publicity linked to Tema.",Tema imagery visualised Ghana's industrial modernity — parallel to Barnor-era commercial photography.,,,,,Cleveland Museum — Tema Ghana industrial photographs (example accession),https://clevelandart.org/art/2022.409,,,Historical entry compiled 2026-07-05 from cited published sources.,2026-07-05,metadata_only,text record; images not bundled,assess where culturally governed,source_located,,,Tema; industry; advertising; port,2026-07-05-taxonomy-v1
ARED-GH-HIST-00043,Ghana @ 50 independence anniversary branding,,design programme,P6,"Democratic, digital and diasporic design, 1992–present",V5,Independence and state visual identity,2007,2007,2007,historical dating,Ghana,,,,,documented in cited sources,,,,,anniversary branding,logo; poster; event graphics,,,,"Ghana marked 50 years of independence in 2007 with public ceremonies, merchandise and commemorative graphics documented in press and philatelic issues.",Anniversary campaigns recycle independence colour and star motifs for new generational audiences.,,,,,Ghana 50 commemorative materials — press archive,https://www.ghana.gov.gh/,,,Historical entry compiled 2026-07-05 from cited published sources.,2026-07-05,metadata_only,text record; images not bundled,assess where culturally governed,source_located,,,Ghana 50; anniversary; branding; 2007,2026-07-05-taxonomy-v1
ARED-GH-HIST-00044,Electoral Commission ballot and voter education graphics,,documented practice,P6,"Democratic, digital and diasporic design, 1992–present",V5,Independence and state visual identity,1992–present,1992,2026,historical dating,Ghana,,,,,documented in cited sources,,,Electoral Commission of Ghana,,ballot paper; voter poster,print; infographic,,,,"Since the 1992 return to multi-party elections, Ghana's Electoral Commission has produced ballot layouts and voter education posters designed for literacy and accessibility across diverse electorates.","Electoral graphics are critical civic design — clarity, symbol and party colour regulated for democratic process.",,,,,Electoral Commission of Ghana,https://ec.gov.gh/,,,Historical entry compiled 2026-07-05 from cited published sources.,2026-07-05,metadata_only,text record; images not bundled,assess where culturally governed,source_located,,,election; ballot; EC; civic design,2026-07-05-taxonomy-v1
ARED-GH-HIST-00045,"Chale Wote Street Art Festival, Jamestown Accra",,event,P6,"Democratic, digital and diasporic design, 1992–present",V7,"Digital, diasporic and contemporary design",from 2011,2011,2026,historical dating,Ghana,Jamestown; Accra,,,,documented in cited sources,,,,,street art festival,mural; performance; zine,,,,"Chale Wote Street Art Festival began in 2011 in Accra's Jamestown, showcasing murals, performance and independent publishing. Festival archives and press document it as a major platform for contemporary Ghanaian urban graphics.",Chale Wote reclaimed colonial-era urban space for experimental public graphics and diasporic art networks.,,,,,Chale Wote Street Art Festival,https://chalewotefest.com/,,,Historical entry compiled 2026-07-05 from cited published sources.,2026-07-05,metadata_only,text record; images not bundled,assess where culturally governed,partially_verified,,,Chale Wote; street art; Jamestown; festival,2026-07-05-taxonomy-v1
ARED-GH-HIST-00046,Accra sign-painting and kiosk typography,,documented practice,P6,"Democratic, digital and diasporic design, 1992–present",V6,Popular and everyday graphics,20th–21st century,1960,2026,historical dating,Ghana,Accra; Kumasi,,,,documented in cited sources,,,,,hand-painted sign, enamel paint on board,,,,"Hand-painted shop signs, taxi slogans and kiosk lettering remain visible across Ghanaian cities. Atta Kwami and other scholars document Kumasi and Accra lettering styles as distinctive popular typography.",Street signage is Ghana's most ubiquitous graphic layer — local authorship outside formal design studios.,,,,,"Atta Kwami, Kumasi Realism (2013)",https://www.tate.org.uk/art/artists/atta-kwami-26779,,,Historical entry compiled 2026-07-05 from cited published sources.,2026-07-05,metadata_only,text record; images not bundled,assess where culturally governed,source_located,,,sign painting; typography; kiosk; Accra,2026-07-05-taxonomy-v1
ARED-GH-HIST-00047,ATL and Ghana Textile Printing (GTP) local pattern design,,institution,P5,"Post-independence public and popular graphics, 1966–1992",V3,"Cloth, pattern and social identity",mid–late 20th century,1960,2026,historical dating,Ghana,,,,,documented in cited sources,,,Ghana Textile Printing Company,,textile design studio,wax print pattern,,,,"Ghana Textile Printing (GTP) and related firms produced wax cloth patterns named and marketed for Ghanaian consumers, continuing a regional tradition of factory-designed textiles with local semantic naming.",Local textile mills adapted industrial print to Ghanaian taste — a hybrid designed commodity central to dress culture.,,,,,GTP / ATL corporate histories,https://www.gtp-fashion.com/,,,Historical entry compiled 2026-07-05 from cited published sources.,2026-07-05,metadata_only,text record; images not bundled,assess where culturally governed,source_located,,,GTP; ATL; wax print; textile industry,2026-07-05-taxonomy-v1
ARED-GH-HIST-00048,Pan-Africanist colour and Black Star symbolism in diaspora design,,documented practice,P6,"Democratic, digital and diasporic design, 1992–present",V7,"Digital, diasporic and contemporary design",20th–21st century,1957,2026,historical dating,Ghana,,,,,documented in cited sources,,,,,documented practice,,,,,"Ghana's red-gold-green tricolour and black star recur in diaspora fashion, music branding and political graphics worldwide, extending independence-era symbolism into global Black visual culture.","Ghanaian state graphics became diasporic design resources — worn, remixed and cited far beyond national borders.",,,,,Government of Ghana — national symbols,https://www.ghana.gov.gh/about-ghana/national-symbols/,,,Historical entry compiled 2026-07-05 from cited published sources.,2026-07-05,metadata_only,text record; images not bundled,assess where culturally governed,partially_verified,,,diaspora; Black Star; pan-African; symbolism,2026-07-05-taxonomy-v1
ARED-GH-HIST-00049,Kwame Nkrumah Mausoleum and Park visual environment,,site,P5,"Post-independence public and popular graphics, 1966–1992",V5,Independence and state visual identity,1992 dedication (mausoleum),1992,2026,historical dating,Ghana,Accra,,,,documented in cited sources,,,,,memorial architecture,architecture; relief; landscape,,,,"The Kwame Nkrumah Mausoleum in Accra, designed by Don Arthur and dedicated in 1992, presents Nkrumah's legacy through monumental form, relief and curated exhibition graphics managed under GMMB.",Memorial sites are designed narrative environments — architecture plus didactic graphics.,,,,,Ghana Museums — Kwame Nkrumah Mausoleum,https://gmmb.gov.gh/kwame-nkrumah-mausoleum/,,,Historical entry compiled 2026-07-05 from cited published sources.,2026-07-05,metadata_only,text record; images not bundled,assess where culturally governed,source_located,,,Nkrumah Mausoleum; memorial; Accra; architecture,2026-07-05-taxonomy-v1
ARED-GH-HIST-00050,Black Star Square (Independence Square) ceremonial graphics,,site,P4,"Anticolonial and independence visual culture, 1945–1966",V5,Independence and state visual identity,completed 1961,1961,2026,historical dating,Ghana,Accra,,,,documented in cited sources,,,,,ceremonial architecture,,,,,"Independence Square (Black Star Square) in Accra, completed for Queen Elizabeth II's 1961 visit, hosts independence celebrations with banners, tribunes and televised ceremonial layout documented in state media archives.","The square is a designed stage for national spectacle — where flags, uniforms and banners compose live graphics.",,,,,Ghana independence architecture histories,https://www.ghana.gov.gh/about-ghana/national-symbols/,,,Historical entry compiled 2026-07-05 from cited published sources.,2026-07-05,metadata_only,text record; images not bundled,assess where culturally governed,source_located,,,Independence Square; Black Star Square; ceremony; Accra,2026-07-05-taxonomy-v1
