source_name,source_url,institution,records
Metropolitan Museum of Art Collection Online,https://www.metmuseum.org/art/collection/search/310182,Metropolitan Museum of Art,1
Metropolitan Museum of Art Collection Online,https://www.metmuseum.org/art/collection/search/310368,Metropolitan Museum of Art,1
Metropolitan Museum of Art Collection Online,https://www.metmuseum.org/art/collection/search/310369,Metropolitan Museum of Art,1
Metropolitan Museum of Art Collection Online,https://www.metmuseum.org/art/collection/search/310751,Metropolitan Museum of Art,1
Metropolitan Museum of Art Collection Online,https://www.metmuseum.org/art/collection/search/310823,Metropolitan Museum of Art,1
Metropolitan Museum of Art Collection Online,https://www.metmuseum.org/art/collection/search/310829,Metropolitan Museum of Art,1
Metropolitan Museum of Art Collection Online,https://www.metmuseum.org/art/collection/search/310836,Metropolitan Museum of Art,1
Metropolitan Museum of Art Collection Online,https://www.metmuseum.org/art/collection/search/310871,Metropolitan Museum of Art,1
Metropolitan Museum of Art Collection Online,https://www.metmuseum.org/art/collection/search/310874,Metropolitan Museum of Art,1
Metropolitan Museum of Art Collection Online,https://www.metmuseum.org/art/collection/search/310876,Metropolitan Museum of Art,1
Metropolitan Museum of Art Collection Online,https://www.metmuseum.org/art/collection/search/310877,Metropolitan Museum of Art,1
Metropolitan Museum of Art Collection Online,https://www.metmuseum.org/art/collection/search/310913,Metropolitan Museum of Art,1
Metropolitan Museum of Art Collection Online,https://www.metmuseum.org/art/collection/search/310941,Metropolitan Museum of Art,1
Metropolitan Museum of Art Collection Online,https://www.metmuseum.org/art/collection/search/311024,Metropolitan Museum of Art,1
Metropolitan Museum of Art Collection Online,https://www.metmuseum.org/art/collection/search/311027,Metropolitan Museum of Art,1
Metropolitan Museum of Art Collection Online,https://www.metmuseum.org/art/collection/search/311028,Metropolitan Museum of Art,1
Metropolitan Museum of Art Collection Online,https://www.metmuseum.org/art/collection/search/312170,Metropolitan Museum of Art,1
Metropolitan Museum of Art Collection Online,https://www.metmuseum.org/art/collection/search/312173,Metropolitan Museum of Art,1
Metropolitan Museum of Art Collection Online,https://www.metmuseum.org/art/collection/search/312226,Metropolitan Museum of Art,1
Metropolitan Museum of Art Collection Online,https://www.metmuseum.org/art/collection/search/312227,Metropolitan Museum of Art,1
Metropolitan Museum of Art Collection Online,https://www.metmuseum.org/art/collection/search/312262,Metropolitan Museum of Art,1
Metropolitan Museum of Art Collection Online,https://www.metmuseum.org/art/collection/search/312272,Metropolitan Museum of Art,1
Metropolitan Museum of Art Collection Online,https://www.metmuseum.org/art/collection/search/312427,Metropolitan Museum of Art,1
Metropolitan Museum of Art Collection Online,https://www.metmuseum.org/art/collection/search/312428,Metropolitan Museum of Art,1
Metropolitan Museum of Art Collection Online,https://www.metmuseum.org/art/collection/search/312444,Metropolitan Museum of Art,1
Metropolitan Museum of Art Collection Online,https://www.metmuseum.org/art/collection/search/312482,Metropolitan Museum of Art,1
Metropolitan Museum of Art Collection Online,https://www.metmuseum.org/art/collection/search/316799,Metropolitan Museum of Art,1
Metropolitan Museum of Art Collection Online,https://www.metmuseum.org/art/collection/search/316800,Metropolitan Museum of Art,1
Metropolitan Museum of Art Collection Online,https://www.metmuseum.org/art/collection/search/317673,Metropolitan Museum of Art,1
Metropolitan Museum of Art Collection Online,https://www.metmuseum.org/art/collection/search/317674,Metropolitan Museum of Art,1
Metropolitan Museum of Art Collection Online,https://www.metmuseum.org/art/collection/search/317675,Metropolitan Museum of Art,1
Metropolitan Museum of Art Collection Online,https://www.metmuseum.org/art/collection/search/317676,Metropolitan Museum of Art,1
Metropolitan Museum of Art Collection Online,https://www.metmuseum.org/art/collection/search/317677,Metropolitan Museum of Art,1
Metropolitan Museum of Art Collection Online,https://www.metmuseum.org/art/collection/search/317678,Metropolitan Museum of Art,1
Metropolitan Museum of Art Collection Online,https://www.metmuseum.org/art/collection/search/317679,Metropolitan Museum of Art,1
Metropolitan Museum of Art Collection Online,https://www.metmuseum.org/art/collection/search/317680,Metropolitan Museum of Art,1
Metropolitan Museum of Art Collection Online,https://www.metmuseum.org/art/collection/search/317681,Metropolitan Museum of Art,1
Metropolitan Museum of Art Collection Online,https://www.metmuseum.org/art/collection/search/317682,Metropolitan Museum of Art,1
Metropolitan Museum of Art Collection Online,https://www.metmuseum.org/art/collection/search/317683,Metropolitan Museum of Art,1
Metropolitan Museum of Art Collection Online,https://www.metmuseum.org/art/collection/search/317684,Metropolitan Museum of Art,1
Metropolitan Museum of Art Collection Online,https://www.metmuseum.org/art/collection/search/317685,Metropolitan Museum of Art,1
Metropolitan Museum of Art Collection Online,https://www.metmuseum.org/art/collection/search/317686,Metropolitan Museum of Art,1
Metropolitan Museum of Art Collection Online,https://www.metmuseum.org/art/collection/search/317687,Metropolitan Museum of Art,1
Metropolitan Museum of Art Collection Online,https://www.metmuseum.org/art/collection/search/317688,Metropolitan Museum of Art,1
Metropolitan Museum of Art Collection Online,https://www.metmuseum.org/art/collection/search/317689,Metropolitan Museum of Art,1
Metropolitan Museum of Art Collection Online,https://www.metmuseum.org/art/collection/search/317690,Metropolitan Museum of Art,1
Metropolitan Museum of Art Collection Online,https://www.metmuseum.org/art/collection/search/317691,Metropolitan Museum of Art,1
Metropolitan Museum of Art Collection Online,https://www.metmuseum.org/art/collection/search/317692,Metropolitan Museum of Art,1
Metropolitan Museum of Art Collection Online,https://www.metmuseum.org/art/collection/search/317693,Metropolitan Museum of Art,1
Metropolitan Museum of Art Collection Online,https://www.metmuseum.org/art/collection/search/317694,Metropolitan Museum of Art,1
Metropolitan Museum of Art Collection Online,https://www.metmuseum.org/art/collection/search/317695,Metropolitan Museum of Art,1
Metropolitan Museum of Art Collection Online,https://www.metmuseum.org/art/collection/search/317907,Metropolitan Museum of Art,1
Metropolitan Museum of Art Collection Online,https://www.metmuseum.org/art/collection/search/85576,Metropolitan Museum of Art,1
Cleveland Museum of Art Open Access,https://clevelandart.org/art/2021.239,Cleveland Museum of Art,1
Cleveland Museum of Art Open Access,https://clevelandart.org/art/1962.244,Cleveland Museum of Art,1
Cleveland Museum of Art Open Access,https://clevelandart.org/art/1990.22,Cleveland Museum of Art,1
Cleveland Museum of Art Open Access,https://clevelandart.org/art/1975.158,Cleveland Museum of Art,1
Cleveland Museum of Art Open Access,https://clevelandart.org/art/1944.290,Cleveland Museum of Art,1
Cleveland Museum of Art Open Access,https://clevelandart.org/art/1967.152,Cleveland Museum of Art,1
Cleveland Museum of Art Open Access,https://clevelandart.org/art/1975.157,Cleveland Museum of Art,1
Cleveland Museum of Art Open Access,https://clevelandart.org/art/1974.211,Cleveland Museum of Art,1
Cleveland Museum of Art Open Access,https://clevelandart.org/art/1935.306,Cleveland Museum of Art,1
Cleveland Museum of Art Open Access,https://clevelandart.org/art/1952.84,Cleveland Museum of Art,1
Cleveland Museum of Art Open Access,https://clevelandart.org/art/1961.399,Cleveland Museum of Art,1
Cleveland Museum of Art Open Access,https://clevelandart.org/art/1951.320,Cleveland Museum of Art,1
Cleveland Museum of Art Open Access,https://clevelandart.org/art/1969.266,Cleveland Museum of Art,1
Cleveland Museum of Art Open Access,https://clevelandart.org/art/1942.170,Cleveland Museum of Art,1
Cleveland Museum of Art Open Access,https://clevelandart.org/art/1969.265,Cleveland Museum of Art,1
Cleveland Museum of Art Open Access,https://clevelandart.org/art/1935.312,Cleveland Museum of Art,1
Cleveland Museum of Art Open Access,https://clevelandart.org/art/1951.322,Cleveland Museum of Art,1
Cleveland Museum of Art Open Access,https://clevelandart.org/art/1962.243,Cleveland Museum of Art,1
Cleveland Museum of Art Open Access,https://clevelandart.org/art/1935.310,Cleveland Museum of Art,1
Cleveland Museum of Art Open Access,https://clevelandart.org/art/1935.311,Cleveland Museum of Art,1
Cleveland Museum of Art Open Access,https://clevelandart.org/art/1988.217.10,Cleveland Museum of Art,1
Cleveland Museum of Art Open Access,https://clevelandart.org/art/1935.308,Cleveland Museum of Art,1
Cleveland Museum of Art Open Access,https://clevelandart.org/art/1951.321,Cleveland Museum of Art,1
Cleveland Museum of Art Open Access,https://clevelandart.org/art/1974.205,Cleveland Museum of Art,1
Cleveland Museum of Art Open Access,https://clevelandart.org/art/1935.309,Cleveland Museum of Art,1
Cleveland Museum of Art Open Access,https://clevelandart.org/art/2018.620,Cleveland Museum of Art,1
Cleveland Museum of Art Open Access,https://clevelandart.org/art/2010.488,Cleveland Museum of Art,1
Cleveland Museum of Art Open Access,https://clevelandart.org/art/2023.9,Cleveland Museum of Art,1
Cleveland Museum of Art Open Access,https://clevelandart.org/art/2010.487,Cleveland Museum of Art,1
Cleveland Museum of Art Open Access,https://clevelandart.org/art/2010.489,Cleveland Museum of Art,1
Cleveland Museum of Art Open Access,https://clevelandart.org/art/2010.490,Cleveland Museum of Art,1
Cleveland Museum of Art Open Access,https://clevelandart.org/art/2018.621,Cleveland Museum of Art,1
Cleveland Museum of Art Open Access,https://clevelandart.org/art/2018.619,Cleveland Museum of Art,1
Cleveland Museum of Art Open Access,https://clevelandart.org/art/2022.409,Cleveland Museum of Art,1
Cleveland Museum of Art Open Access,https://clevelandart.org/art/2018.526,Cleveland Museum of Art,1
