record_id,title,verification_status,collection_number,primary_source_url,uncertainties
ARED-GH-00001,Memorial Head (Mma),verified,Met 310182,https://www.metmuseum.org/art/collection/search/310182,maker unnamed in source
ARED-GH-00002,Male ntiri (memorial head),verified,Met 310368,https://www.metmuseum.org/art/collection/search/310368,
ARED-GH-00003,Female ntiri (memorial head),verified,Met 310369,https://www.metmuseum.org/art/collection/search/310369,
ARED-GH-00004,Gold Weight: Zoomorphic,verified,Met 310751,https://www.metmuseum.org/art/collection/search/310751,maker unnamed in source
ARED-GH-00005,Gold Dust Box (abamphruwa),verified,Met 310823,https://www.metmuseum.org/art/collection/search/310823,maker unnamed in source
ARED-GH-00006,Hornblower attendant figure,verified,Met 310829,https://www.metmuseum.org/art/collection/search/310829,museum places production in Côte d'Ivoire
ARED-GH-00007,Gold Weight: Elephant,verified,Met 310836,https://www.metmuseum.org/art/collection/search/310836,maker unnamed in source
ARED-GH-00008,Grasshopper gold weight,verified,Met 310871,https://www.metmuseum.org/art/collection/search/310871,museum places production in Côte d’Ivoire
ARED-GH-00009,Gold Weight: Lobster Claw,verified,Met 310874,https://www.metmuseum.org/art/collection/search/310874,maker unnamed in source
ARED-GH-00010,Gold Weight: Insect,verified,Met 310876,https://www.metmuseum.org/art/collection/search/310876,maker unnamed in source
ARED-GH-00011,Gold Weight: Seed Pod,verified,Met 310877,https://www.metmuseum.org/art/collection/search/310877,maker unnamed in source
ARED-GH-00012,Shells gold weight,verified,Met 310913,https://www.metmuseum.org/art/collection/search/310913,museum places production in Côte d’Ivoire
ARED-GH-00013,Akua 'ba figure,verified,Met 310941,https://www.metmuseum.org/art/collection/search/310941,
ARED-GH-00014,Nsodie (memorial head),verified,Met 311024,https://www.metmuseum.org/art/collection/search/311024,
ARED-GH-00015,Clan Pot (abusua kuruwa),verified,Met 311027,https://www.metmuseum.org/art/collection/search/311027,maker unnamed in source
ARED-GH-00016,Gold Weight: Fish,verified,Met 311028,https://www.metmuseum.org/art/collection/search/311028,maker unnamed in source
ARED-GH-00017,Container (Kuduo),verified,Met 312170,https://www.metmuseum.org/art/collection/search/312170,maker unnamed in source
ARED-GH-00018,Figure: Buffalo Head,verified,Met 312173,https://www.metmuseum.org/art/collection/search/312173,maker unnamed in source
ARED-GH-00019,Abamphruwa (gold-dust box),verified,Met 312226,https://www.metmuseum.org/art/collection/search/312226,
ARED-GH-00020,Gold Dust Box (abamphruwa),verified,Met 312227,https://www.metmuseum.org/art/collection/search/312227,maker unnamed in source
ARED-GH-00021,Gold Weight: Mask,verified,Met 312262,https://www.metmuseum.org/art/collection/search/312262,maker unnamed in source
ARED-GH-00022,Gold Weight: Chameleon,verified,Met 312272,https://www.metmuseum.org/art/collection/search/312272,maker unnamed in source
ARED-GH-00023,Lion Ornament,verified,Met 312427,https://www.metmuseum.org/art/collection/search/312427,
ARED-GH-00024,Lion Ornament,verified,Met 312428,https://www.metmuseum.org/art/collection/search/312428,
ARED-GH-00025,Gold Weight: Couple with Bellows,verified,Met 312444,https://www.metmuseum.org/art/collection/search/312444,maker unnamed in source
ARED-GH-00026,Gold Weight,verified,Met 312482,https://www.metmuseum.org/art/collection/search/312482,maker unnamed in source
ARED-GH-00027,Wrapper,verified,Met 316799,https://www.metmuseum.org/art/collection/search/316799,maker unnamed in source
ARED-GH-00028,Wrapper,verified,Met 316800,https://www.metmuseum.org/art/collection/search/316800,maker unnamed in source
ARED-GH-00029,Geometric gold weight,verified,Met 317673,https://www.metmuseum.org/art/collection/search/317673,museum places production in Côte d’Ivoire
ARED-GH-00030,Geometric gold weight,verified,Met 317674,https://www.metmuseum.org/art/collection/search/317674,museum places production in Côte d’Ivoire
ARED-GH-00031,Geometric gold weight,verified,Met 317675,https://www.metmuseum.org/art/collection/search/317675,museum places production in Côte d’Ivoire
ARED-GH-00032,Geometric gold weight,verified,Met 317676,https://www.metmuseum.org/art/collection/search/317676,museum places production in Côte d’Ivoire
ARED-GH-00033,Gold Weight: Geometric,verified,Met 317677,https://www.metmuseum.org/art/collection/search/317677,maker unnamed in source
ARED-GH-00034,Gold Weight: Geometric,verified,Met 317678,https://www.metmuseum.org/art/collection/search/317678,maker unnamed in source
ARED-GH-00035,Sword gold weight,verified,Met 317679,https://www.metmuseum.org/art/collection/search/317679,museum places production in Côte d’Ivoire
ARED-GH-00036,Gold Weight: Ceremonial Whisk,verified,Met 317680,https://www.metmuseum.org/art/collection/search/317680,maker unnamed in source
ARED-GH-00037,Gold Weight: Shield,verified,Met 317681,https://www.metmuseum.org/art/collection/search/317681,maker unnamed in source
ARED-GH-00038,Gold Weight: Amulet,verified,Met 317682,https://www.metmuseum.org/art/collection/search/317682,maker unnamed in source
ARED-GH-00039,Gold Weight,verified,Met 317683,https://www.metmuseum.org/art/collection/search/317683,maker unnamed in source
ARED-GH-00040,Chair gold weight,verified,Met 317684,https://www.metmuseum.org/art/collection/search/317684,museum places production in Côte d’Ivoire
ARED-GH-00041,Gold Weight,verified,Met 317685,https://www.metmuseum.org/art/collection/search/317685,maker unnamed in source
ARED-GH-00042,Stool gold weight,verified,Met 317686,https://www.metmuseum.org/art/collection/search/317686,museum places production in Côte d’Ivoire
ARED-GH-00043,Gold Weight,verified,Met 317687,https://www.metmuseum.org/art/collection/search/317687,maker unnamed in source
ARED-GH-00044,Gold Weight: Bird (Sankofa),verified,Met 317688,https://www.metmuseum.org/art/collection/search/317688,
ARED-GH-00045,Gold Weight,verified,Met 317689,https://www.metmuseum.org/art/collection/search/317689,maker unnamed in source
ARED-GH-00046,Gold Weight: Janus Bird,verified,Met 317690,https://www.metmuseum.org/art/collection/search/317690,maker unnamed in source
ARED-GH-00047,Chicken's head gold weight,verified,Met 317691,https://www.metmuseum.org/art/collection/search/317691,
ARED-GH-00048,Gold Weight: Mudfish,verified,Met 317692,https://www.metmuseum.org/art/collection/search/317692,maker unnamed in source
ARED-GH-00049,Gold Weight: Mother and Child,verified,Met 317693,https://www.metmuseum.org/art/collection/search/317693,maker unnamed in source
ARED-GH-00050,Gold Weight: Male with Bird,verified,Met 317694,https://www.metmuseum.org/art/collection/search/317694,maker unnamed in source
ARED-GH-00051,Gold Weight: Seated Male,verified,Met 317695,https://www.metmuseum.org/art/collection/search/317695,maker unnamed in source
ARED-GH-00052,Gold Weight,verified,Met 317907,https://www.metmuseum.org/art/collection/search/317907,maker unnamed in source
ARED-GH-00053,Kente Prestige Cloth,verified,Met 85576,https://www.metmuseum.org/art/collection/search/85576,maker unnamed in source
ARED-GH-00054,"Model Posing for Agip Calendar, Accra",verified,2021.239,https://clevelandart.org/art/2021.239,
ARED-GH-00055,Gold Weight (abrammuo): Geometric Form,verified,1962.244,https://clevelandart.org/art/1962.244,
ARED-GH-00056,Memorial head (nsodie),verified,1990.22,https://clevelandart.org/art/1990.22,
ARED-GH-00057,Female Figure (akua'ba),verified,1975.158,https://clevelandart.org/art/1975.158,
ARED-GH-00058,Disk Pendant (akrafokɔnmu),verified,1944.290,https://clevelandart.org/art/1944.290,
ARED-GH-00059,Figure (baàthíl),verified,1967.152,https://clevelandart.org/art/1967.152,
ARED-GH-00060,Head,verified,1975.157,https://clevelandart.org/art/1975.157,
ARED-GH-00061,Female Figure (akua'ba),verified,1974.211,https://clevelandart.org/art/1974.211,
ARED-GH-00062,Gold Weight (abrammuo):  Antelope,verified,1935.306,https://clevelandart.org/art/1935.306,
ARED-GH-00063,Disk Pendant (akrafokɔnmu),verified,1952.84,https://clevelandart.org/art/1952.84,
ARED-GH-00064,Gold Weight (abrammuo): Fish,verified,1961.399,https://clevelandart.org/art/1961.399,
ARED-GH-00065,Ring: Coiled Snake on a Ball,verified,1951.320,https://clevelandart.org/art/1951.320,
ARED-GH-00066,Gold Weight (abrammuo): Drum with Jaws of Defeated Enemies,verified,1969.266,https://clevelandart.org/art/1969.266,
ARED-GH-00067,Pendant: Cross Form with Bird,verified,1942.170,https://clevelandart.org/art/1942.170,
ARED-GH-00068,Gold Weight (abrammuo): Geometric,verified,1969.265,https://clevelandart.org/art/1969.265,
ARED-GH-00069,Knife-sheath tip (sika boha),verified,1935.312,https://clevelandart.org/art/1935.312,
ARED-GH-00070,Pendant: Rectangular Pendant,verified,1951.322,https://clevelandart.org/art/1951.322,
ARED-GH-00071,Gold Weight (abrammuo): figure,verified,1962.243,https://clevelandart.org/art/1962.243,
ARED-GH-00072,Disk Pendant (akrafokɔnmu),verified,1935.310,https://clevelandart.org/art/1935.310,
ARED-GH-00073,Knife Handle Cover,verified,1935.311,https://clevelandart.org/art/1935.311,
ARED-GH-00074,"Oil Refinery, Tema, Ghana",verified,1988.217.10,https://clevelandart.org/art/1988.217.10,
ARED-GH-00075,Knife-sheath tip (sika boha),verified,1935.308,https://clevelandart.org/art/1935.308,
ARED-GH-00076,Ring: Cannon Flanked by Two Birds,verified,1951.321,https://clevelandart.org/art/1951.321,
ARED-GH-00077,Figure ,verified,1974.205,https://clevelandart.org/art/1974.205,
ARED-GH-00078,Knife-sheath tip (sika boha),verified,1935.309,https://clevelandart.org/art/1935.309,
ARED-GH-00079,"Advertisement for Ghana Railway, Ghana",verified,2018.620,https://clevelandart.org/art/2018.620,
ARED-GH-00080,"Akan Fisherman, Ghana: Hope",verified,2010.488,https://clevelandart.org/art/2010.488,
ARED-GH-00081,Prestige cloth (kete or kente),verified,2023.9,https://clevelandart.org/art/2023.9,
ARED-GH-00082,"Akan Fisherman, Ghana: Totem",verified,2010.487,https://clevelandart.org/art/2010.487,
ARED-GH-00083,"Akan Fisherman, Ghana: Return",verified,2010.489,https://clevelandart.org/art/2010.489,
ARED-GH-00084,"Akan Fisherman, Ghana: Mercy",verified,2010.490,https://clevelandart.org/art/2010.490,
ARED-GH-00085,"Ovaltine Advertisement, Ghana",verified,2018.621,https://clevelandart.org/art/2018.621,
ARED-GH-00086,"Advertisement for Al Schnapps, Ghana",verified,2018.619,https://clevelandart.org/art/2018.619,
ARED-GH-00087,"Oil Refinery, Tema, Ghana",verified,2022.409,https://clevelandart.org/art/2022.409,
ARED-GH-00088,"Man Standing Behind Shrine Dedicated to Dr. Kwame Nkruhmah, the First Prime Minister of Ghana",verified,2018.526,https://clevelandart.org/art/2018.526,
